id,first_name,last_name,email,car_make,car_model,car_year,car_price
1,Chiquia,Saterthwait,csaterthwait0@hc360.com,Buick,Riviera,1993,7280
2,Paco,Petchell,ppetchell1@studiopress.com,Nissan,Sentra,2012,60670
3,Celeste,Starrs,cstarrs2@google.ru,Jeep,Wrangler,2012,18806
4,Kingston,Fidgin,kfidgin3@opensource.org,Ford,Edge,2010,60767
5,Marcelline,Puddan,mpuddan4@arizona.edu,Mercedes-Benz,Sprinter,2011,71921
6,Drusi,Baldacco,dbaldacco5@walmart.com,Volkswagen,Jetta,1994,77955
7,Aldrich,De Gregoli,adegregoli6@harvard.edu,Mercedes-Benz,CL-Class,2004,66425
8,Allistir,MacCafferky,amaccafferky7@google.it,Mitsubishi,i-MiEV,2012,94857
9,Florencia,Spadotto,fspadotto8@macromedia.com,Infiniti,Q,1997,85163
10,Frazier,Huguet,fhuguet9@webmd.com,Mercedes-Benz,CL-Class,2002,6841
11,Penrod,O'Crevy,pocrevya@purevolume.com,Kia,Spectra,2001,3701
12,Cyndia,Maccaddie,cmaccaddieb@unicef.org,Jeep,Grand Cherokee,2011,47696
13,Jordanna,Norcliff,jnorcliffc@reddit.com,Volvo,S80,2009,17487
14,Derby,Careless,dcarelessd@sbwire.com,Chevrolet,Lumina,2000,88321
15,Donnamarie,Lepope,dlepopee@smugmug.com,Mercury,Grand Marquis,1993,22262
16,Ingram,Denson,idensonf@posterous.com,Lincoln,Navigator,2001,42197
17,Ambrose,Gorton,agortong@hc360.com,Bentley,Continental Flying Spur,2006,28587
18,Shawn,Wolfarth,swolfarthh@intel.com,Volkswagen,GTI,2011,82944
19,Mona,Dovidian,mdovidiani@qq.com,BMW,7 Series,2003,11513
20,Aldo,Ennals,aennalsj@mysql.com,Volkswagen,Passat,1988,16234
21,Luciano,Durdy,ldurdyk@gmpg.org,Mitsubishi,Challenger,2001,65915
22,Maggy,Tennison,mtennisonl@huffingtonpost.com,Buick,Park Avenue,2004,51177
23,Basia,Du Plantier,bduplantierm@goo.gl,Pontiac,Firebird,1969,58416
24,Marice,Tellenbach,mtellenbachn@skype.com,Toyota,Corolla,2001,51200
25,Dallon,Dawtrey,ddawtreyo@themeforest.net,Ford,F250,1994,51047
26,Sigismondo,Hanfrey,shanfreyp@soup.io,Mitsubishi,Pajero,2005,10157
27,Stace,Menghi,smenghiq@sourceforge.net,Hyundai,Accent,2001,6159
28,Emalia,Studdal,estuddalr@cisco.com,Honda,Odyssey,2007,25639
29,Claresta,Neame,cneames@engadget.com,Dodge,Ram Van 2500,2003,17439
30,Bunni,Normant,bnormantt@theguardian.com,Land Rover,Range Rover,1996,79913
31,Blondy,Durnall,bdurnallu@toplist.cz,Porsche,Boxster,2013,88571
32,Caspar,Prestner,cprestnerv@amazon.com,Pontiac,GTO,1973,34661
33,Michelle,Cristol,mcristolw@uol.com.br,Jaguar,X-Type,2003,60362
34,Ingemar,Ludlem,iludlemx@feedburner.com,Pontiac,Firefly,1986,16701
35,Finley,Vagges,fvaggesy@pinterest.com,Ford,Thunderbird,1992,48567
36,Kenny,Pagin,kpaginz@smugmug.com,Ford,F-Series,1989,76169
37,Berti,Mergue,bmergue10@mit.edu,Isuzu,Trooper,1998,64681
38,Lancelot,Labbey,llabbey11@census.gov,Ford,Fusion,2009,73099
39,Carree,Elldred,celldred12@tripod.com,BMW,7 Series,2002,27543
40,Jessamyn,Dacke,jdacke13@ft.com,Honda,Prelude,1999,29162
41,Langsdon,Eisak,leisak14@bravesites.com,Chrysler,300,2010,66125
42,Emylee,Paragreen,eparagreen15@npr.org,Mercury,Capri,1993,88643
43,Inglebert,Meechan,imeechan16@statcounter.com,Nissan,Pathfinder,1999,46638
44,Eleanora,Plester,eplester17@istockphoto.com,Toyota,Matrix,2006,95335
45,Delores,Repper,drepper18@list-manage.com,Subaru,Impreza WRX,2010,46805
46,Chad,McKellen,cmckellen19@vinaora.com,Land Rover,LR3,2005,27800
47,Lodovico,Stancer,lstancer1a@google.pl,Mitsubishi,Starion,1985,25575
48,Diannne,Visco,dvisco1b@bloglines.com,Volkswagen,Quantum,1984,8313
49,Anna-diane,Eastwood,aeastwood1c@time.com,Mercedes-Benz,SL-Class,1996,44705
50,Joelynn,Allans,jallans1d@census.gov,Mercury,Capri,1986,28900
51,Andre,Sickert,asickert1e@networksolutions.com,Ford,Escort,1998,48887
52,Briant,McClancy,bmcclancy1f@reuters.com,Porsche,911,1986,84201
53,Petra,Dodle,pdodle1g@utexas.edu,Dodge,Dakota Club,1994,76007
54,Pierce,Chadband,pchadband1h@google.nl,Acura,Vigor,1993,86520
55,Sharai,Casini,scasini1i@smh.com.au,Mazda,MX-6,1997,9047
56,Thurstan,Lockhart,tlockhart1j@merriam-webster.com,Chevrolet,Silverado 3500,2006,41218
57,Augustus,Dignall,adignall1k@devhub.com,Ford,F250,2001,48684
58,Liana,Goulding,lgoulding1l@jigsy.com,Buick,Skylark,1993,70952
59,Sharai,Vasilyevski,svasilyevski1m@google.es,Mercedes-Benz,M-Class,2002,23746
60,Ardelis,Nestoruk,anestoruk1n@topsy.com,Chevrolet,2500,1995,43860
61,Gerrie,Kubica,gkubica1o@pbs.org,Toyota,Solara,1999,37807
62,Doralynne,de Glanville,ddeglanville1p@ning.com,Volkswagen,Jetta,1993,81484
63,Parry,Bridgewood,pbridgewood1q@edublogs.org,Volkswagen,Passat,1999,98194
64,Corrina,Crichmer,ccrichmer1r@gizmodo.com,GMC,Rally Wagon 1500,1992,5005
65,Tuckie,Buswell,tbuswell1s@bandcamp.com,Buick,Terraza,2006,48210
66,Maury,Burgher,mburgher1t@usnews.com,Nissan,Altima,2002,8938
67,Nat,Jeffray,njeffray1u@huffingtonpost.com,Buick,Century,2000,44057
68,Craggie,Sprankling,csprankling1v@photobucket.com,Pontiac,Bonneville,1998,86813
69,Muriel,Dundredge,mdundredge1w@twitter.com,Cadillac,SRX,2012,49824
70,Lucienne,Lever,llever1x@myspace.com,Toyota,Highlander,2012,37634
71,Berry,Bramstom,bbramstom1y@posterous.com,Audi,TT,2008,84190
72,Brandea,Gorner,bgorner1z@rediff.com,Kia,Sportage,2008,43946
73,Jodee,Boule,jboule20@wired.com,Subaru,Alcyone SVX,1996,4676
74,Lindsy,Flawn,lflawn21@msn.com,Acura,Integra,1996,34519
75,Denna,MacAvaddy,dmacavaddy22@4shared.com,Chevrolet,Corvette,1997,55196
76,Ranique,Lampe,rlampe23@bloglovin.com,Acura,TL,2004,90746
77,Ingaberg,Kiddy,ikiddy24@washingtonpost.com,Ford,Five Hundred,2006,56829
78,Bryan,Silly,bsilly25@trellian.com,Chevrolet,Monte Carlo,1999,43449
79,Carmelita,Elecum,celecum26@mac.com,Suzuki,SJ,1987,29653
80,Alain,Caro,acaro27@craigslist.org,Chevrolet,G-Series 1500,1997,86150
81,Camille,Canfield,ccanfield28@mashable.com,Toyota,4Runner,2003,20829
82,Trixi,Waby,twaby29@nsw.gov.au,Ford,Taurus,2003,96865
83,Harwilll,Lias,hlias2a@photobucket.com,Ford,Expedition,2001,54343
84,Burk,Taffe,btaffe2b@nhs.uk,Toyota,Tacoma,1998,16486
85,Ranique,Platfoot,rplatfoot2c@canalblog.com,Saab,9-5,2001,52787
86,Collin,Surcombe,csurcombe2d@dion.ne.jp,Honda,Civic,2011,52051
87,Aurelie,McDirmid,amcdirmid2e@hc360.com,Volkswagen,Passat,1985,6308
88,Kevon,Gilbride,kgilbride2f@jiathis.com,Ferrari,California,2009,82537
89,Ennis,O'Rodane,eorodane2g@stumbleupon.com,Rolls-Royce,Phantom,2009,66325
90,Mel,Clapham,mclapham2h@biglobe.ne.jp,GMC,Jimmy,2001,45088
91,Margy,Coots,mcoots2i@i2i.jp,Ford,Laser,1984,58109
92,Deloris,Hassall,dhassall2j@uiuc.edu,Subaru,Tribeca,2009,42560
93,Hildy,Scade,hscade2k@exblog.jp,Mazda,MX-5,1998,65729
94,Corrianne,Brockest,cbrockest2l@dion.ne.jp,Mazda,Mazdaspeed 3,2012,38575
95,Staci,Peacher,speacher2m@wix.com,Pontiac,GTO,1965,97146
96,Madelyn,Barff,mbarff2n@hibu.com,Chevrolet,Suburban 2500,2004,22930
97,Uriah,McTerlagh,umcterlagh2o@japanpost.jp,Hummer,H2,2005,36231
98,Gusty,Petr,gpetr2p@stumbleupon.com,Ford,Thunderbird,2005,88134
99,Ruben,Shergill,rshergill2q@smh.com.au,Honda,Accord,1997,64087
100,Brittni,Popplestone,bpopplestone2r@dot.gov,Honda,Accord,1995,9655
101,Bess,Brocks,bbrocks2s@usatoday.com,Buick,Riviera,1987,82822
102,Madelina,Trubshawe,mtrubshawe2t@ocn.ne.jp,Mercedes-Benz,SLR McLaren,2006,87645
103,Taddeusz,Cours,tcours2u@istockphoto.com,Dodge,Stratus,2003,53803
104,Alair,De Normanville,adenormanville2v@plala.or.jp,Honda,S2000,2006,73156
105,Cyrill,Wilson,cwilson2w@furl.net,Honda,Accord,1989,55106
106,Emory,Tripcony,etripcony2x@buzzfeed.com,Mercedes-Benz,S-Class,1984,52053
107,Lynn,Blanch,lblanch2y@google.com.br,Land Rover,Discovery,2012,38012
108,Stearne,Durno,sdurno2z@pagesperso-orange.fr,Chevrolet,Express 2500,2010,89081
109,Rhoda,Hatch,rhatch30@facebook.com,Lincoln,MKZ,2007,5358
110,Elyse,Duferie,eduferie31@unc.edu,GMC,Envoy,2007,39719
111,Drake,Leggett,dleggett32@marketwatch.com,BMW,Z3,1997,55966
112,Kiel,Aubrey,kaubrey33@aol.com,BMW,1 Series,2008,14151
113,Elsinore,Neil,eneil34@washingtonpost.com,Infiniti,QX,1998,3226
114,Isidro,Suckling,isuckling35@microsoft.com,Mitsubishi,Lancer,2001,8187
115,Brietta,Jephcott,bjephcott36@craigslist.org,Ford,F-Series,1985,32214
116,Cornelia,Geharke,cgeharke37@aboutads.info,Nissan,200SX,1998,39036
117,Dani,Way,dway38@xinhuanet.com,Pontiac,Grand Prix,1977,33773
118,Ardyth,Faircley,afaircley39@mysql.com,Nissan,Armada,2012,30769
119,Merola,Mathelin,mmathelin3a@ycombinator.com,Isuzu,Hombre Space,1998,73574
120,Almeta,Kolakowski,akolakowski3b@dmoz.org,Chevrolet,Corvette,1994,55208
121,Teodor,Nichols,tnichols3c@jiathis.com,Ford,Probe,1994,66669
122,Gery,Farrand,gfarrand3d@hostgator.com,Volvo,S60,2005,85647
123,Ursuline,Schankelborg,uschankelborg3e@ibm.com,Buick,LeSabre,1987,44575
124,Clyde,Deas,cdeas3f@shareasale.com,GMC,Yukon XL 1500,2004,65201
125,Martie,Lindroos,mlindroos3g@nih.gov,Toyota,Tundra,2005,27937
126,Derrick,Parade,dparade3h@simplemachines.org,Buick,Century,1985,12783
127,Keelby,Pareman,kpareman3i@wix.com,Dodge,Durango,2003,49716
128,Chen,Solly,csolly3j@ucsd.edu,Ford,F150,1996,60570
129,Enrichetta,Arstingall,earstingall3k@altervista.org,Maserati,Spyder,1990,67289
130,Maris,O'Shavlan,moshavlan3l@vistaprint.com,BMW,5 Series,1995,19353
131,Cloris,Beddingham,cbeddingham3m@sina.com.cn,Lotus,Elise,2004,72254
132,Archy,Senton,asenton3n@360.cn,Mitsubishi,Eclipse,1993,2829
133,Minta,Krzyzaniak,mkrzyzaniak3o@seesaa.net,Chevrolet,Sportvan G30,1993,91173
134,Shepard,Pack,spack3p@fastcompany.com,Mercedes-Benz,GL-Class,2007,4700
135,Brooke,Steele,bsteele3q@vimeo.com,Ford,F150,2010,50358
136,Jamil,Thandi,jthandi3r@google.com.hk,Lincoln,LS,2002,1802
137,Tess,Kochl,tkochl3s@google.cn,Isuzu,Rodeo Sport,2002,73540
138,Mattheus,Doret,mdoret3t@google.com,Dodge,Ram Van 2500,2003,8667
139,Wilmette,Vellender,wvellender3u@constantcontact.com,Pontiac,Grand Am,2004,10105
140,Michael,Smallpiece,msmallpiece3v@over-blog.com,Kia,Sportage,2002,84773
141,Ira,Westwell,iwestwell3w@cdc.gov,Suzuki,Esteem,1999,20790
142,Mariette,Vamplers,mvamplers3x@samsung.com,Buick,Regal,2004,35116
143,Madeleine,Stryde,mstryde3y@usda.gov,Subaru,Legacy,2009,36598
144,Grantley,Merrison,gmerrison3z@google.pl,MINI,Clubman,2009,81206
145,Merridie,Seckington,mseckington40@skype.com,Mercedes-Benz,SL-Class,2005,69006
146,Terrance,Khrishtafovich,tkhrishtafovich41@ebay.com,Mercedes-Benz,CL-Class,2000,99536
147,Maribelle,Romans,mromans42@ning.com,Toyota,Camry Solara,2006,91372
148,Price,Biffen,pbiffen43@pcworld.com,Mazda,Mazda6,2006,83050
149,Juline,Gregr,jgregr44@about.me,BMW,3 Series,2009,55953
150,Lindsy,Murney,lmurney45@cam.ac.uk,Jeep,Liberty,2004,9631
151,Miriam,Rawle,mrawle46@yale.edu,Smart,Fortwo,2010,23823
152,Reinald,Kinnar,rkinnar47@istockphoto.com,Ford,Expedition,2003,74433
153,Lynna,Chillingworth,lchillingworth48@webmd.com,Dodge,Durango,2008,22422
154,Ina,Tinklin,itinklin49@sbwire.com,Suzuki,Grand Vitara,2007,46951
155,Welby,Klemke,wklemke4a@alibaba.com,Chevrolet,Aveo,2009,46239
156,Koenraad,Manzell,kmanzell4b@godaddy.com,Chevrolet,Lumina,1995,99719
157,Desiree,Rosina,drosina4c@theglobeandmail.com,Hyundai,Tucson,2007,1617
158,Gussy,Birds,gbirds4d@themeforest.net,Volvo,S80,2001,83118
159,Tamra,Du Plantier,tduplantier4e@hc360.com,Rolls-Royce,Phantom,2011,92043
160,Sheree,Whalebelly,swhalebelly4f@etsy.com,Ford,Explorer,1996,7610
161,Chery,Olligan,colligan4g@nationalgeographic.com,Volkswagen,Jetta,2002,30758
162,Samuel,Cardenas,scardenas4h@moonfruit.com,Saturn,S-Series,2002,5903
163,Gabriele,Petworth,gpetworth4i@engadget.com,Jaguar,XJ,2006,1854
164,Alethea,Riccardelli,ariccardelli4j@goodreads.com,Ford,Ranger,1987,2446
165,Rochell,Tompkins,rtompkins4k@mysql.com,MINI,Clubman,2010,77078
166,Erda,Pallin,epallin4l@shareasale.com,Audi,S4,2011,63980
167,Morlee,Bootell,mbootell4m@spotify.com,Volkswagen,R32,2009,94961
168,Georgiana,Pancoust,gpancoust4n@bbb.org,Mercedes-Benz,CL-Class,2007,38138
169,Kit,Sangster,ksangster4o@nsw.gov.au,Toyota,Tercel,1994,30259
170,Jamill,Ashwin,jashwin4p@unicef.org,Mercedes-Benz,W201,1989,66795
171,Inglebert,Beardsdale,ibeardsdale4q@statcounter.com,Daewoo,Lanos,2001,61233
172,Clara,Binning,cbinning4r@nifty.com,Lexus,LS,1995,38434
173,Evaleen,Drewell,edrewell4s@ucsd.edu,Volkswagen,Touareg,2009,38387
174,Ilka,Rielly,irielly4t@xinhuanet.com,Honda,CR-V,2007,86820
175,Si,Petrussi,spetrussi4u@netlog.com,Mercedes-Benz,SL-Class,2007,54105
176,Allegra,Doyland,adoyland4v@chron.com,Ford,F250,2002,58447
177,Maddie,McGilvray,mmcgilvray4w@xrea.com,Acura,RSX,2004,70084
178,Anna,Dahlbom,adahlbom4x@nasa.gov,Lincoln,Town Car,1992,74741
179,Edward,Jedras,ejedras4y@paginegialle.it,Ford,Crown Victoria,2009,59401
180,Hedvige,Burnand,hburnand4z@nyu.edu,Lincoln,Continental,1988,8358
181,Juliette,Atkin,jatkin50@si.edu,Jeep,Commander,2009,93093
182,Kerby,Cattemull,kcattemull51@netscape.com,Ford,Crown Victoria,2007,30102
183,Pippo,Mc Kellen,pmckellen52@slate.com,Suzuki,Daewoo Lacetti,2005,48486
184,Tommie,Brasse,tbrasse53@cargocollective.com,Suzuki,Sidekick,1994,98921
185,Gunilla,McLardie,gmclardie54@bizjournals.com,Dodge,Durango,2006,5987
186,Siegfried,Olesen,solesen55@freewebs.com,Lincoln,Town Car,2009,30958
187,Burr,Quigg,bquigg56@bbc.co.uk,Cadillac,Sixty Special,1993,39942
188,Merill,Maydway,mmaydway57@accuweather.com,Jeep,Compass,2009,98362
189,Fawn,Turrell,fturrell58@discuz.net,Ford,Escape,2001,5700
190,Steven,Stock,sstock59@pinterest.com,Kia,Rio,2011,43174
191,Harmonia,Mapplethorpe,hmapplethorpe5a@mysql.com,BMW,645,2005,2107
192,Pierson,Spire,pspire5b@gnu.org,Ford,Econoline E150,2001,60368
193,Annetta,Bread,abread5c@msu.edu,Plymouth,Neon,1996,39592
194,Dionis,Tromans,dtromans5d@uiuc.edu,Audi,A8,2004,13883
195,See,Olivari,solivari5e@independent.co.uk,Mitsubishi,Mighty Max,1992,40115
196,Vassili,Goaley,vgoaley5f@mozilla.com,Honda,Accord,2009,9284
197,Parke,Whittock,pwhittock5g@newsvine.com,Mazda,MX-3,1995,15877
198,Jacquetta,Bugden,jbugden5h@linkedin.com,Kia,Spectra,2000,68036
199,Sybil,Pilipyak,spilipyak5i@nbcnews.com,Volvo,V90,1997,63345
200,Cherise,Wythill,cwythill5j@state.gov,Mercury,Grand Marquis,1992,86505
201,Gregorio,Pankettman,gpankettman5k@sbwire.com,Mazda,MX-5,1993,71725
202,Cole,Puckett,cpuckett5l@canalblog.com,Nissan,NX,1992,53872
203,Marcelline,Tutchener,mtutchener5m@go.com,BMW,330,2005,86455
204,Annabell,Ragge,aragge5n@ihg.com,Plymouth,Voyager,1998,53481
205,Huey,Rycraft,hrycraft5o@archive.org,Ford,Festiva,1989,73669
206,Milli,Dinse,mdinse5p@printfriendly.com,Honda,Odyssey,2003,95610
207,Dyan,Kezar,dkezar5q@go.com,Ford,F-Series,1995,82557
208,Orion,Iacopetti,oiacopetti5r@twitpic.com,Bentley,Continental Flying Spur,2006,2878
209,Naoma,Flintoffe,nflintoffe5s@ftc.gov,Mercedes-Benz,S-Class,2011,94366
210,Maggie,Tuiller,mtuiller5t@blogspot.com,Volvo,XC70,2009,94548
211,Lynna,Mapstone,lmapstone5u@sakura.ne.jp,Hyundai,Sonata,2005,10290
212,Dud,Swiffin,dswiffin5v@ed.gov,Jeep,Wrangler,1999,19273
213,Yance,Dilrew,ydilrew5w@bbb.org,Audi,5000S,1987,87554
214,Kristel,Bozier,kbozier5x@delicious.com,Buick,LeSabre,1988,85605
215,Lisette,Marian,lmarian5y@mac.com,Lotus,Elan,1992,43456
216,Codi,Obal,cobal5z@phpbb.com,GMC,Canyon,2005,44323
217,Nilson,Kivell,nkivell60@github.com,GMC,Sierra 2500,2005,67152
218,Zebadiah,Waggatt,zwaggatt61@instagram.com,Chevrolet,Express,2007,37884
219,Carter,Arnow,carnow62@pen.io,Chevrolet,Malibu,1998,96192
220,Goldina,Wrightem,gwrightem63@dailymotion.com,Nissan,Pathfinder,2000,74854
221,Malva,Marlor,mmarlor64@prweb.com,Lincoln,Blackwood,2003,44033
222,Marji,Proughten,mproughten65@ftc.gov,Ford,Explorer,2006,10887
223,Jonathan,Bindley,jbindley66@vkontakte.ru,Nissan,Frontier,2003,11114
224,Ruperto,Lenney,rlenney67@princeton.edu,Mitsubishi,Challenger,1998,66355
225,Herrick,Hazlehurst,hhazlehurst68@scribd.com,Mercedes-Benz,300E,1993,95249
226,Curcio,Sondon,csondon69@mayoclinic.com,Cadillac,Escalade EXT,2004,70761
227,Serene,Van der Kruis,svanderkruis6a@hubpages.com,Lamborghini,Gallardo,2011,70709
228,Roxine,Moger,rmoger6b@whitehouse.gov,Ford,E250,2007,64922
229,Kerrin,Hallbord,khallbord6c@washington.edu,Land Rover,Discovery,2000,28230
230,Bari,Lockyear,blockyear6d@eepurl.com,Pontiac,Firefly,1992,40021
231,Kerrill,Pinchen,kpinchen6e@hc360.com,BMW,M3,2010,77549
232,Arlette,Stangoe,astangoe6f@bbc.co.uk,Chevrolet,Silverado 1500,2007,37465
233,Donal,Maybury,dmaybury6g@trellian.com,Ford,Windstar,2000,82462
234,Sarge,Thunderman,sthunderman6h@sun.com,GMC,Savana 1500,2007,27610
235,Codie,Hatrick,chatrick6i@github.io,Chevrolet,Express 1500,2008,44771
236,Piotr,Schnitter,pschnitter6j@globo.com,Chevrolet,Tahoe,2000,97053
237,Darrin,Whiskerd,dwhiskerd6k@smh.com.au,GMC,Sonoma,1994,69225
238,Clair,Jaan,cjaan6l@e-recht24.de,Lexus,IS F,2010,19541
239,Ivan,Menichi,imenichi6m@ucoz.com,Mitsubishi,Precis,1994,88965
240,Matelda,Tuckwood,mtuckwood6n@com.com,Suzuki,Reno,2005,29464
241,Pierre,Kassel,pkassel6o@artisteer.com,Chevrolet,Silverado 2500,2006,11098
242,Dorie,Gooke,dgooke6p@discuz.net,Mitsubishi,RVR,1995,95897
243,Osbert,Preble,opreble6q@paypal.com,Chevrolet,Silverado 1500,2008,47671
244,Myrtice,Godfree,mgodfree6r@walmart.com,Pontiac,Firebird,1992,91310
245,Delmar,Prattington,dprattington6s@imgur.com,Ford,F250,2001,26712
246,Ravi,Djurdjevic,rdjurdjevic6t@goo.gl,Mercury,Cougar,2000,35001
247,Fabiano,Gallaccio,fgallaccio6u@google.ru,Plymouth,Breeze,1998,60766
248,Drew,Crosdill,dcrosdill6v@intel.com,Jeep,Cherokee,1997,67713
249,Margalit,Simko,msimko6w@bing.com,Jeep,Liberty,2008,22011
250,Danya,Dingate,ddingate6x@irs.gov,Chevrolet,Cobalt SS,2008,95150
251,Mercie,Couvet,mcouvet6y@issuu.com,Nissan,Sentra,1998,98152
252,Ewan,Reyson,ereyson6z@nih.gov,Honda,Fit,2008,33390
253,John,Millom,jmillom70@hubpages.com,Chevrolet,Suburban 2500,1994,52990
254,Padraic,Fergie,pfergie71@omniture.com,BMW,5 Series,1998,4702
255,Evan,Skerm,eskerm72@cargocollective.com,Ford,Econoline E250,1997,8249
256,Ellene,Zuenelli,ezuenelli73@npr.org,Bentley,Continental,2011,60382
257,Milka,Jonas,mjonas74@etsy.com,Porsche,Cayenne,2011,97431
258,Boycey,Lillo,blillo75@discovery.com,Dodge,Ram 2500,1999,14555
259,Staci,Dutch,sdutch76@jimdo.com,Chevrolet,2500,1999,25282
260,Cristian,Scutter,cscutter77@booking.com,Dodge,Challenger,2010,61723
261,Marlo,Jonin,mjonin78@hatena.ne.jp,Lexus,ES,1991,86972
262,Salomo,McOrkill,smcorkill79@sitemeter.com,Dodge,Charger,2011,93456
263,Korrie,Rickell,krickell7a@twitter.com,Mazda,MX-6,1995,78346
264,Cornall,Mandry,cmandry7b@drupal.org,Mazda,Mazda3,2004,47024
265,Catharina,Kibbe,ckibbe7c@twitpic.com,Ford,Fusion,2010,82653
266,Jobie,Le Merchant,jlemerchant7d@usa.gov,Mitsubishi,Pajero,1988,66739
267,Mathilda,Perham,mperham7e@imdb.com,Buick,Regal,2000,53965
268,Kerwinn,Beverley,kbeverley7f@whitehouse.gov,Mercedes-Benz,M-Class,2005,22159
269,Gregorius,Cleife,gcleife7g@istockphoto.com,Volvo,S60,2006,70988
270,Darsey,Bremeyer,dbremeyer7h@shareasale.com,GMC,Yukon,2002,38794
271,Reggie,Laughnan,rlaughnan7i@geocities.jp,Lincoln,Navigator,1999,68589
272,Anya,Chasteau,achasteau7j@jimdo.com,Subaru,Forester,2012,96098
273,Andrei,Curnnok,acurnnok7k@over-blog.com,BMW,525,2005,19962
274,Lezlie,Shillaber,lshillaber7l@reverbnation.com,Chevrolet,Corvette,1988,19641
275,Edee,Mucklow,emucklow7m@nifty.com,Pontiac,Vibe,2007,6027
276,Natty,Haddrell,nhaddrell7n@wired.com,Audi,Cabriolet,1994,35472
277,Whitby,Danser,wdanser7o@comcast.net,Chevrolet,Impala,2010,34999
278,Maura,Thraves,mthraves7p@wordpress.org,Land Rover,Range Rover,1988,55986
279,Christel,Blodgett,cblodgett7q@icio.us,Ford,F150,1999,42502
280,Gherardo,Riseborough,griseborough7r@topsy.com,Pontiac,Firefly,1988,15831
281,Haydon,Mailey,hmailey7s@sun.com,Mercedes-Benz,Sprinter,2011,84712
282,Jerrine,Mulran,jmulran7t@ihg.com,Dodge,Ram,2008,93898
283,Bobbye,Scandrett,bscandrett7u@dedecms.com,Ferrari,California,2010,72702
284,Harrie,Cuncarr,hcuncarr7v@webnode.com,Ford,Mustang,2005,70695
285,Odessa,Spensly,ospensly7w@buzzfeed.com,Maybach,62,2007,9912
286,Huntington,Fentem,hfentem7x@pinterest.com,Porsche,Boxster,2002,80422
287,Ibrahim,Kiehne,ikiehne7y@wp.com,Ford,Crown Victoria,2002,64588
288,Samuel,Andreichik,sandreichik7z@privacy.gov.au,Lexus,IS F,2010,26846
289,Patrick,Apedaile,papedaile80@sina.com.cn,Honda,Civic GX,2003,79576
290,Rodge,Barrowcliff,rbarrowcliff81@ifeng.com,Mercedes-Benz,SL-Class,1991,99094
291,Laverne,Matten,lmatten82@sitemeter.com,Chevrolet,Beretta,1994,58706
292,Finlay,Timeby,ftimeby83@yahoo.co.jp,Subaru,Loyale,1991,55120
293,Ulysses,Annes,uannes84@lycos.com,Lamborghini,Diablo,2000,43910
294,Alwyn,Durdle,adurdle85@elpais.com,Ford,Mustang,2004,43585
295,Gery,Norvill,gnorvill86@geocities.com,Nissan,Quest,2007,18976
296,Ainsley,De la Barre,adelabarre87@go.com,Buick,Riviera,1995,70512
297,Natasha,Devonald,ndevonald88@admin.ch,Audi,riolet,1995,61075
298,Doralynn,Virr,dvirr89@livejournal.com,Chevrolet,Traverse,2010,67301
299,Worth,Hanvey,whanvey8a@macromedia.com,Hummer,H1,1998,57066
300,Geno,McSkin,gmcskin8b@uol.com.br,Chevrolet,Caprice Classic,1994,64067
301,Jonathan,Springell,jspringell8c@icio.us,Maybach,62,2003,65457
302,Peder,Gobbet,pgobbet8d@mit.edu,Toyota,MR2,1986,59992
303,Oralla,Cribbin,ocribbin8e@auda.org.au,Maserati,Quattroporte,2011,23028
304,Robinet,Premble,rpremble8f@wikispaces.com,Ford,Escape,2001,73520
305,Bary,Kain,bkain8g@scribd.com,Mercury,Monterey,2006,79131
306,Dmitri,Maskall,dmaskall8h@indiatimes.com,Volkswagen,CC,2011,53458
307,Bentley,Klaes,bklaes8i@wix.com,Mercury,Villager,1995,36059
308,Westley,Grigoriev,wgrigoriev8j@unicef.org,Nissan,Sentra,2005,90065
309,Giorgio,Dutnall,gdutnall8k@diigo.com,BMW,Z4 M,2009,44042
310,Lindsey,Firpo,lfirpo8l@sciencedaily.com,Pontiac,6000,1990,31209
311,Reggis,Kelshaw,rkelshaw8m@cisco.com,Mitsubishi,Diamante,2001,96218
312,Cammi,Potkin,cpotkin8n@chronoengine.com,Mercedes-Benz,M-Class,1998,52603
313,Thelma,Brimham,tbrimham8o@rambler.ru,Subaru,Impreza,2012,24299
314,Alida,Galego,agalego8p@google.fr,Mazda,B-Series,1999,89245
315,Cecilius,Teale,cteale8q@github.io,Dodge,Dakota,2004,19320
316,Damiano,Misson,dmisson8r@quantcast.com,Mercedes-Benz,C-Class,2007,6027
317,Yves,Kuna,ykuna8s@cpanel.net,BMW,7 Series,1997,59094
318,Anatol,Ross,aross8t@woothemes.com,Mercedes-Benz,CL-Class,1998,1148
319,Tremain,Danaher,tdanaher8u@yahoo.com,GMC,Yukon,2008,55939
320,Janene,Waggatt,jwaggatt8v@examiner.com,Volkswagen,Passat,1988,94659
321,Templeton,Cottisford,tcottisford8w@zimbio.com,Oldsmobile,Cutlass Supreme,1994,88088
322,Josepha,Mattielli,jmattielli8x@webeden.co.uk,Mitsubishi,Pajero,2006,45154
323,Ann-marie,Curgenuer,acurgenuer8y@posterous.com,Mitsubishi,Eclipse,1989,25733
324,Noelyn,Deeprose,ndeeprose8z@usatoday.com,Hyundai,Sonata,1997,36475
325,Toddy,Bosenworth,tbosenworth90@goodreads.com,Subaru,Legacy,1997,17226
326,Farrell,Twinbourne,ftwinbourne91@blogs.com,Honda,FCX Clarity,2012,76502
327,Osmond,Arnatt,oarnatt92@cbc.ca,Maybach,57,2004,94551
328,Donnie,Gadaud,dgadaud93@nih.gov,Porsche,911,1997,46381
329,Toby,Dugald,tdugald94@jugem.jp,GMC,Sonoma,2000,28593
330,Bank,Ledur,bledur95@earthlink.net,Honda,Fit,2009,7323
331,Hans,Feechum,hfeechum96@woothemes.com,Pontiac,Montana,2003,91259
332,Kathe,Latty,klatty97@va.gov,Audi,S6,2002,96042
333,Say,Heifer,sheifer98@dropbox.com,Pontiac,Grand Prix,1977,13114
334,Tait,Myles,tmyles99@usda.gov,Volvo,C30,2011,57439
335,Culley,MacMechan,cmacmechan9a@google.com.br,GMC,Yukon,2001,9791
336,Maurits,Sedgwick,msedgwick9b@mozilla.org,Pontiac,Trans Sport,1999,29276
337,Lou,Lineker,llineker9c@cloudflare.com,Aston Martin,V8 Vantage,2008,87854
338,Bessie,Januszkiewicz,bjanuszkiewicz9d@yale.edu,Dodge,Stratus,1997,51149
339,Kaylee,Corssen,kcorssen9e@wunderground.com,Infiniti,QX56,2009,15833
340,Tymon,McCallister,tmccallister9f@ifeng.com,Lexus,ES,1991,21699
341,Kacey,Siebert,ksiebert9g@sfgate.com,Nissan,Maxima,2007,10050
342,Gardy,Stilgoe,gstilgoe9h@guardian.co.uk,Mercury,Cougar,1997,34984
343,Gustavus,Walls,gwalls9i@homestead.com,Maybach,62,2010,64895
344,Celestina,Cowdry,ccowdry9j@1und1.de,Hummer,H2,2008,13551
345,Donetta,Millan,dmillan9k@cnbc.com,Volkswagen,New Beetle,1999,63509
346,Eilis,Mitton,emitton9l@statcounter.com,Pontiac,Torrent,2008,56215
347,Lu,Harriot,lharriot9m@yellowbook.com,Jeep,Liberty,2009,8719
348,Chrissy,Beaton,cbeaton9n@miitbeian.gov.cn,Daewoo,Leganza,2000,57434
349,Brandon,Kesby,bkesby9o@ask.com,Lotus,Esprit,2002,6762
350,Cati,Widocks,cwidocks9p@ocn.ne.jp,Mitsubishi,Cordia,1988,99282
351,Zared,O'Hengerty,zohengerty9q@pagesperso-orange.fr,Land Rover,LR3,2005,62901
352,Jefferey,Lopes,jlopes9r@oracle.com,Volvo,S60,2002,51635
353,Leupold,Pettifer,lpettifer9s@rakuten.co.jp,Ford,F150,1995,55460
354,Jayson,Fullerlove,jfullerlove9t@youtube.com,Honda,Odyssey,2007,99212
355,Oralle,Harron,oharron9u@devhub.com,Mitsubishi,L300,1990,60501
356,Kele,McSparran,kmcsparran9v@nydailynews.com,Chrysler,Cirrus,1999,8896
357,Flora,Cowburn,fcowburn9w@infoseek.co.jp,Ford,F150,2001,16188
358,Boy,Newton,bnewton9x@networksolutions.com,Nissan,Pathfinder,1994,53993
359,Marylinda,Womack,mwomack9y@cbc.ca,Chevrolet,HHR,2011,75937
360,Lothaire,Meir,lmeir9z@cargocollective.com,Volkswagen,Jetta,1994,43840
361,Smith,Shields,sshieldsa0@etsy.com,Mazda,MX-5,1991,82765
362,Trescha,McCobb,tmccobba1@ft.com,Audi,S6,2002,25324
363,Eadith,Klulisek,ekluliseka2@nationalgeographic.com,Mercury,Grand Marquis,2005,48130
364,Erie,Esselin,eesselina3@shutterfly.com,Mazda,RX-8,2010,83005
365,Ganny,Ropars,groparsa4@i2i.jp,Pontiac,Bonneville,1996,88614
366,Binky,Chable,bchablea5@unblog.fr,Toyota,Matrix,2006,75595
367,Kathi,Ingleby,kinglebya6@usda.gov,Toyota,FJ Cruiser,2008,15529
368,Candide,Westnedge,cwestnedgea7@goodreads.com,Infiniti,I,2000,34535
369,Martguerita,Adamini,madaminia8@washingtonpost.com,Lexus,GS,2004,2262
370,Dene,Peppett,dpeppetta9@whitehouse.gov,Infiniti,M,2007,86676
371,Ambrosi,Haycroft,ahaycroftaa@deviantart.com,Toyota,Avalon,2006,18826
372,Matty,de Glanville,mdeglanvilleab@shareasale.com,Ford,Thunderbird,1986,8725
373,Addie,Judgkins,ajudgkinsac@storify.com,Lincoln,Navigator,2001,89057
374,Stillmann,Figgins,sfigginsad@paginegialle.it,Kia,Sportage,2011,29650
375,Demetrius,D'Ugo,ddugoae@ask.com,Nissan,Sentra,1999,46270
376,Anthia,Hofner,ahofneraf@networksolutions.com,Mazda,MX-5,1996,89368
377,Moria,Eyden,meydenag@hhs.gov,Chevrolet,G-Series G30,1995,6000
378,Perice,Rockcliffe,prockcliffeah@chronoengine.com,Dodge,Dakota Club,1992,35131
379,Waverly,Loxston,wloxstonai@oaic.gov.au,Acura,TL,2003,58174
380,Eugenie,Fontin,efontinaj@google.it,Chevrolet,Corvette,1968,17116
381,Lynnell,Pachmann,lpachmannak@sohu.com,Nissan,Maxima,1999,6312
382,Juanita,Beadel,jbeadelal@howstuffworks.com,Nissan,Murano,2005,1413
383,Lisabeth,McKie,lmckieam@infoseek.co.jp,Infiniti,QX56,2010,24317
384,Karlotte,Tarpey,ktarpeyan@ibm.com,Cadillac,CTS,2011,72737
385,Karisa,Firpo,kfirpoao@europa.eu,Chevrolet,Aveo,2005,93424
386,Packston,Hoffner,phoffnerap@nps.gov,Mitsubishi,Montero Sport,2003,31510
387,Shanan,Leavesley,sleavesleyaq@harvard.edu,Jaguar,XJ Series,1992,60253
388,Johnette,Hew,jhewar@ox.ac.uk,Subaru,Alcyone SVX,1995,58895
389,Friedrick,Bryning,fbryningas@ox.ac.uk,Chevrolet,G-Series G30,1993,43497
390,Frasier,Eisikowitz,feisikowitzat@surveymonkey.com,Mazda,Familia,1988,49522
391,Ag,Poate,apoateau@liveinternet.ru,Chevrolet,Caprice,1992,74917
392,Lek,Marcos,lmarcosav@quantcast.com,Mercedes-Benz,SL-Class,2001,88807
393,Brooks,Buckam,bbuckamaw@shutterfly.com,GMC,Vandura G2500,1995,54773
394,Ellary,Strasse,estrasseax@yahoo.co.jp,Mercury,Milan,2007,58565
395,Herminia,Cerith,hcerithay@taobao.com,Mazda,B-Series,2000,69813
396,Rad,Lemon,rlemonaz@arizona.edu,Mercedes-Benz,W201,1987,69187
397,Brigitta,Rawles,brawlesb0@marketwatch.com,Jeep,Cherokee,2000,95679
398,Garv,Habin,ghabinb1@twitpic.com,Pontiac,Grand Prix,1968,72553
399,Fabio,Gasparro,fgasparrob2@moonfruit.com,Mitsubishi,Diamante,1994,31539
400,Michaeline,Antwis,mantwisb3@ucla.edu,Mercedes-Benz,E-Class,1997,7976
401,Dal,Fosdike,dfosdikeb4@deviantart.com,Nissan,300ZX,1996,53226
402,Winona,Robins,wrobinsb5@xrea.com,BMW,545,2005,21145
403,Natty,Yerby,nyerbyb6@cdbaby.com,Kia,Spectra5,2006,34647
404,Jobi,Woolston,jwoolstonb7@surveymonkey.com,Subaru,Leone,1989,52375
405,Penny,Tee,pteeb8@bloglovin.com,Mercedes-Benz,Sprinter 3500,2012,89098
406,Herc,Fitzroy,hfitzroyb9@blogger.com,GMC,Sierra 3500,2008,20246
407,Vera,Tezure,vtezureba@fastcompany.com,Dodge,Ram 1500 Club,1999,15012
408,Brandon,Espin,bespinbb@gov.uk,Maserati,GranSport,2006,51953
409,Davidson,Ferdinand,dferdinandbc@illinois.edu,Dodge,Ram Van B250,1994,23748
410,Siward,Pavlik,spavlikbd@wikimedia.org,Ford,Bronco,1991,67932
411,Timofei,Mogford,tmogfordbe@ustream.tv,Porsche,911,1998,79520
412,Anthea,Balsillie,abalsilliebf@1und1.de,Kia,Sorento,2009,51985
413,Abram,Kilgrew,akilgrewbg@paypal.com,Jeep,Wrangler,2002,42974
414,Hadrian,Shoebotham,hshoebothambh@who.int,Maybach,57,2010,84456
415,Catie,Silmon,csilmonbi@bloglovin.com,Plymouth,Acclaim,1993,29079
416,Abigail,Applewhaite,aapplewhaitebj@umich.edu,Mazda,B-Series Plus,2002,75250
417,Jacqui,Hayen,jhayenbk@wired.com,Chevrolet,Blazer,2000,13160
418,Nealy,Manthorpe,nmanthorpebl@utexas.edu,Acura,NSX,2005,26412
419,Alfredo,Williams,awilliamsbm@rakuten.co.jp,MINI,Cooper,2009,50910
420,Orion,Boulde,obouldebn@miitbeian.gov.cn,Mitsubishi,Mirage,1990,39998
421,Lenard,Jeacock,ljeacockbo@google.nl,Bentley,Arnage,2005,86617
422,Norine,Rayment,nraymentbp@salon.com,Infiniti,EX,2012,47394
423,Talbert,Cianni,tciannibq@bloomberg.com,Dodge,Ram 1500 Club,2001,46834
424,Madelina,Dunge,mdungebr@slideshare.net,Toyota,Corolla,1999,42423
425,Reagan,Gadie,rgadiebs@cornell.edu,Ford,Model T,1909,57109
426,Marc,Glazier,mglazierbt@ucla.edu,Chevrolet,Express 1500,1996,33588
427,Else,Heathcote,eheathcotebu@feedburner.com,Subaru,Forester,2003,92780
428,Bobby,Trathan,btrathanbv@oaic.gov.au,Ford,F250,2004,49776
429,Devondra,Blackett,dblackettbw@paypal.com,Chevrolet,S10,1993,95748
430,Birgit,Pietruschka,bpietruschkabx@mapquest.com,Pontiac,Sunbird,1988,74288
431,Gill,Nuss,gnussby@g.co,MINI,Cooper,2003,32197
432,Raynard,Beed,rbeedbz@latimes.com,Audi,Quattro,1985,59185
433,Mallorie,Lynn,mlynnc0@hhs.gov,Lamborghini,Countach,1986,95726
434,Blondelle,Ovitz,bovitzc1@dropbox.com,Infiniti,G35,2008,26933
435,Sherye,Dufer,sduferc2@desdev.cn,Volvo,XC90,2003,88372
436,Gusty,Lineker,glinekerc3@home.pl,Lexus,RX,2000,25472
437,Marcela,Braime,mbraimec4@google.es,Maserati,GranSport,2006,62536
438,Addy,Stock,astockc5@pinterest.com,Cadillac,Escalade ESV,2012,31174
439,Korry,Haggerty,khaggertyc6@scientificamerican.com,Mercedes-Benz,S-Class,1996,16444
440,Maggi,Stigger,mstiggerc7@sciencedirect.com,Mercedes-Benz,S-Class,1990,45953
441,Cinderella,Gewer,cgewerc8@weibo.com,BMW,M6,2007,95496
442,Rozanne,Billows,rbillowsc9@is.gd,Mercedes-Benz,500SEL,1992,30585
443,Garold,Gillebride,ggillebrideca@cbsnews.com,Mazda,B-Series Plus,1994,8064
444,Marlane,Isaksson,misakssoncb@mozilla.org,Jaguar,S-Type,2001,78829
445,Marci,Songhurst,msonghurstcc@reverbnation.com,Chevrolet,Suburban 2500,2011,20686
446,Carla,Clink,cclinkcd@latimes.com,Chevrolet,Venture,1999,90564
447,Huntley,Rawlins,hrawlinsce@house.gov,Toyota,Sequoia,2005,15717
448,Nester,Critchell,ncritchellcf@amazon.de,Volkswagen,Jetta,2002,11238
449,Nathalie,Brownstein,nbrownsteincg@baidu.com,Lexus,ES,2001,62628
450,Laina,Ferrero,lferreroch@cocolog-nifty.com,Porsche,911,2004,50474
451,Othella,Noden,onodenci@freewebs.com,Honda,CR-V,2009,93936
452,Dorisa,Pettko,dpettkocj@bloglovin.com,Honda,S2000,2000,22353
453,Jacklyn,Tremblet,jtrembletck@vimeo.com,Chevrolet,Aveo,2008,51529
454,Flory,Dilger,fdilgercl@time.com,Audi,Cabriolet,1994,57808
455,Chic,Van Vuuren,cvanvuurencm@trellian.com,Toyota,MR2,1994,44609
456,Tallie,Orris,torriscn@qq.com,Maserati,GranTurismo,2009,81737
457,Kay,Yuille,kyuilleco@amazon.co.jp,Saab,900,1993,58817
458,Cayla,Melbert,cmelbertcp@free.fr,Nissan,Pathfinder,2011,22693
459,Raimundo,Holdey,rholdeycq@sciencedaily.com,Mitsubishi,Mirage,1995,20968
460,Archibold,Beamont,abeamontcr@whitehouse.gov,Mitsubishi,Mirage,1986,90745
461,Cindie,Sebring,csebringcs@amazon.co.uk,Maybach,57,2009,66164
462,Uta,Lente,ulentect@arstechnica.com,Hyundai,Tucson,2006,67595
463,Corty,Blakeley,cblakeleycu@csmonitor.com,Pontiac,Bonneville,2003,91465
464,Judah,Tummond,jtummondcv@angelfire.com,Audi,A6,2012,67810
465,Peirce,Barbisch,pbarbischcw@barnesandnoble.com,Chevrolet,Monte Carlo,1996,86113
466,Camila,Elcum,celcumcx@techcrunch.com,Audi,Coupe GT,1987,9929
467,Earl,Pickrell,epickrellcy@msn.com,Pontiac,GTO,2006,61329
468,Kalila,Grishkov,kgrishkovcz@weather.com,Ford,E-Series,1995,37244
469,Sydel,Greswell,sgreswelld0@goo.ne.jp,Mercedes-Benz,600SEC,1993,42105
470,Rudolph,Heathcoat,rheathcoatd1@weibo.com,Jeep,Compass,2009,52782
471,Melantha,Strachan,mstrachand2@twitpic.com,Volvo,C70,2002,62095
472,Gert,Morison,gmorisond3@mashable.com,Mercedes-Benz,E-Class,1992,85699
473,Anna-diane,Boxill,aboxilld4@topsy.com,Chevrolet,Cobalt,2005,15710
474,Sorcha,Benstead,sbensteadd5@harvard.edu,GMC,Sierra 2500,2007,84541
475,Adrea,Sporner,aspornerd6@nymag.com,Hummer,H3,2010,55621
476,Jourdan,Chappel,jchappeld7@vinaora.com,Land Rover,Freelander,2010,63772
477,Otho,St. John,ostjohnd8@un.org,Audi,A5,2012,96067
478,Sela,Epgrave,sepgraved9@google.cn,Ford,Escort,1987,85240
479,Edita,Rigard,erigardda@nytimes.com,Oldsmobile,Intrigue,2000,24779
480,Binnie,Gasnell,bgasnelldb@usnews.com,Pontiac,GTO,1971,14269
481,Ellery,Gear,egeardc@fda.gov,Toyota,Venza,2010,86467
482,Hollie,Edgerly,hedgerlydd@nsw.gov.au,Kia,Optima,2011,41760
483,Rowen,Reynalds,rreynaldsde@dot.gov,Toyota,Xtra,1994,59254
484,Kiley,Goodhand,kgoodhanddf@cnbc.com,Honda,Odyssey,2009,38174
485,Garold,Odd,godddg@google.ru,Mazda,B-Series Plus,1998,67351
486,Kamilah,McCully,kmccullydh@taobao.com,Chevrolet,Caprice,1992,1875
487,Nydia,Bussetti,nbussettidi@github.io,Audi,A8,2005,80105
488,Hardy,Ridges,hridgesdj@unicef.org,Honda,Odyssey,2006,59518
489,Ertha,Heard,ehearddk@hatena.ne.jp,Spyker,C8,2007,82063
490,Hillery,Tanti,htantidl@shop-pro.jp,Chevrolet,Express 2500,1996,17434
491,Roslyn,Lecky,rleckydm@friendfeed.com,Infiniti,Q,1998,16370
492,Charles,Aimable,caimabledn@guardian.co.uk,Isuzu,Ascender,2005,58300
493,Cecilla,Falck,cfalckdo@purevolume.com,Audi,Q5,2011,89570
494,Nicole,Treves,ntrevesdp@deliciousdays.com,Ford,Escort,1987,42652
495,Ivett,Burberry,iburberrydq@abc.net.au,Mazda,B-Series,1986,53680
496,Karol,Clixby,kclixbydr@godaddy.com,Saab,9-3,2004,60936
497,Ardyth,Cheyenne,acheyenneds@artisteer.com,Mitsubishi,3000GT,1996,71991
498,Simone,Rasell,sraselldt@mail.ru,Volvo,XC70,2003,52895
499,Alfred,Videan,avideandu@utexas.edu,Chevrolet,Suburban 1500,2004,84196
500,Jameson,Avraam,javraamdv@symantec.com,Geo,Storm,1992,32726
501,Rosy,Shoute,rshoutedw@illinois.edu,Buick,LeSabre,2004,6280
502,Lucilia,Micheu,lmicheudx@joomla.org,Nissan,350Z,2005,9552
503,Haydon,McPhelimey,hmcphelimeydy@prlog.org,Hyundai,Veracruz,2008,43965
504,Ayn,Laundon,alaundondz@stumbleupon.com,Honda,Accord,2010,84035
505,Enrico,Endrizzi,eendrizzie0@engadget.com,GMC,Sierra 3500,2006,65479
506,Thorndike,Golde,tgoldee1@columbia.edu,Cadillac,Escalade ESV,2004,78258
507,Tessa,Gideon,tgideone2@goodreads.com,Mazda,MPV,2002,98428
508,Linell,Raselles,lrasellese3@networksolutions.com,Acura,RL,2007,40614
509,Sherwynd,Clunan,sclunane4@harvard.edu,Dodge,Challenger,2009,96039
510,Yoko,Killford,ykillforde5@parallels.com,Infiniti,G37,2010,45177
511,Lil,Verlinden,lverlindene6@edublogs.org,Chevrolet,Astro,1993,9635
512,Flss,O' Bee,fobeee7@nydailynews.com,Volkswagen,New Beetle,2007,11751
513,Vic,Boshell,vboshelle8@stanford.edu,Honda,del Sol,1996,80132
514,Reina,Thursby,rthursbye9@jugem.jp,Dodge,Spirit,1992,26005
515,Hardy,Ribbens,hribbensea@mysql.com,Spyker,C8,2006,73660
516,Angelico,Figura,afiguraeb@tiny.cc,Nissan,Maxima,1998,38752
517,Lanette,Goodbourn,lgoodbournec@people.com.cn,Mercury,Mystique,1996,14342
518,Lewes,Towne,ltowneed@earthlink.net,Honda,Odyssey,2011,69741
519,Mischa,Lemmertz,mlemmertzee@loc.gov,Dodge,Stealth,1996,97341
520,Urbanus,Forestall,uforestallef@timesonline.co.uk,Dodge,Ram Van 1500,1996,26186
521,Gertrude,Pache,gpacheeg@indiegogo.com,Dodge,Ram 3500,1995,77936
522,Eugen,Moppett,emoppetteh@google.fr,Chevrolet,Avalanche,2007,1018
523,Crawford,Bohling,cbohlingei@independent.co.uk,Buick,Skylark,1998,19626
524,Yolanda,Greaterex,ygreaterexej@wikia.com,GMC,Yukon,2007,42581
525,Artemas,Summerlad,asummerladek@ucoz.ru,Subaru,Forester,1998,90432
526,Khalil,Beston,kbestonel@123-reg.co.uk,Jaguar,XJ,2011,91422
527,Florencia,Wardingley,fwardingleyem@cnet.com,Cadillac,Eldorado,2000,45251
528,Bren,Guiot,bguioten@delicious.com,GMC,3500 Club Coupe,1993,15707
529,Wade,Cressar,wcressareo@rambler.ru,Mercedes-Benz,600SEL,1992,75627
530,Conney,McArdle,cmcardleep@tripod.com,Pontiac,GTO,1966,16766
531,Cesare,Bruyntjes,cbruyntjeseq@tripadvisor.com,Honda,Civic,2009,63109
532,Robina,Sieur,rsieurer@umich.edu,Dodge,Ram Van 2500,2003,5231
533,Alvira,Greenhouse,agreenhousees@telegraph.co.uk,Chrysler,300,2007,66164
534,Niles,Pischel,npischelet@diigo.com,Pontiac,Bonneville,1993,11651
535,Alvin,Troucher,atrouchereu@webeden.co.uk,Chevrolet,Silverado 1500,2010,9080
536,Engracia,Knox,eknoxev@imdb.com,Land Rover,Discovery,2002,35072
537,Dee,Monday,dmondayew@apple.com,Mercedes-Benz,SL-Class,1986,68113
538,Isidoro,Louca,iloucaex@cdbaby.com,Volkswagen,Passat,2006,72572
539,Bessy,Zuker,bzukerey@bigcartel.com,Honda,Civic Si,2006,60277
540,Keriann,Dahlbom,kdahlbomez@europa.eu,Mitsubishi,3000GT,1994,42539
541,Alexine,Gorst,agorstf0@odnoklassniki.ru,Land Rover,Discovery,2011,38023
542,Kessiah,Albarez,kalbarezf1@creativecommons.org,Audi,S6,2007,43939
543,Hymie,Bache,hbachef2@google.it,BMW,X3,2010,2847
544,Jarrett,O'Heneghan,joheneghanf3@technorati.com,Toyota,Camry,2007,39060
545,Marjy,Povah,mpovahf4@sohu.com,Bentley,Brooklands,2010,10504
546,Florence,Paterson,fpatersonf5@oracle.com,Jensen,Interceptor,1967,11905
547,Starlene,McKinless,smckinlessf6@freewebs.com,Volkswagen,New Beetle,2001,70842
548,Amara,Cowling,acowlingf7@booking.com,GMC,Safari,2000,89472
549,Teador,Fosberry,tfosberryf8@mtv.com,Lamborghini,Gallardo,2003,97893
550,Zandra,Pachta,zpachtaf9@hibu.com,Buick,LaCrosse,2012,53216
551,Darius,Farrar,dfarrarfa@pagesperso-orange.fr,Hyundai,Tucson,2010,64356
552,Lind,Paule,lpaulefb@prnewswire.com,Mazda,Protege,2000,54789
553,Carolee,Blanch,cblanchfc@dion.ne.jp,Audi,V8,1991,29214
554,Siward,Mc Meekan,smcmeekanfd@ifeng.com,Porsche,968,1992,66265
555,Saree,Varran,svarranfe@alibaba.com,Dodge,Ram Van B350,1992,51076
556,Gerry,Lead,gleadff@g.co,GMC,Safari,1997,52169
557,Alexandrina,Crossfield,acrossfieldfg@netlog.com,Subaru,Impreza,2012,43308
558,Ketty,Pallesen,kpallesenfh@phoca.cz,Mercedes-Benz,C-Class,2002,84137
559,Katrinka,Lowman,klowmanfi@tripod.com,Mitsubishi,Endeavor,2004,2943
560,Hannis,Crocker,hcrockerfj@wisc.edu,Mazda,929,1991,11006
561,Adeline,Chessil,achessilfk@freewebs.com,Dodge,Charger,2010,30549
562,Scarlett,Creaney,screaneyfl@discovery.com,Infiniti,J,1996,25641
563,Elfie,Beininck,ebeininckfm@nba.com,Maserati,430,1989,56879
564,Beaufort,Bangiard,bbangiardfn@tripadvisor.com,Subaru,Outback,2010,28057
565,Mickie,Boswell,mboswellfo@cpanel.net,Ford,Escape,2009,22975
566,Dorry,Gavrielly,dgavriellyfp@prlog.org,Land Rover,Discovery,2011,99833
567,Kimberly,Twitchett,ktwitchettfq@51.la,Chrysler,Sebring,2002,64521
568,Nancie,Lebang,nlebangfr@fda.gov,Mazda,Mazdaspeed 3,2009,58064
569,Shelli,De Blasio,sdeblasiofs@state.tx.us,Ford,E150,2012,23704
570,Riannon,Morton,rmortonft@amazonaws.com,Pontiac,6000,1987,44643
571,Horst,Ortell,hortellfu@yandex.ru,Buick,Skylark,1991,76388
572,Michaella,Storch,mstorchfv@chronoengine.com,Porsche,Cayenne,2009,9263
573,Sully,Rosthorn,srosthornfw@google.co.jp,Plymouth,Laser,1990,23705
574,Brandie,Dearman,bdearmanfx@washingtonpost.com,Jeep,Patriot,2009,10121
575,Casi,Yantsurev,cyantsurevfy@patch.com,Geo,Metro,1993,37422
576,Dottie,Drinan,ddrinanfz@unesco.org,Dodge,Caliber,2012,65750
577,Luciana,Blaxter,lblaxterg0@paginegialle.it,Subaru,Legacy,1990,56928
578,Marrissa,Pero,mperog1@freewebs.com,Nissan,Pathfinder,2001,68964
579,Garvy,Aucott,gaucottg2@cafepress.com,Jaguar,XK,2009,65495
580,Erik,Gabler,egablerg3@constantcontact.com,Ford,Bronco,1992,31896
581,Barnard,Rosa,brosag4@themeforest.net,Kia,Sorento,2009,29607
582,Dorolisa,Demschke,ddemschkeg5@nydailynews.com,Ford,Ranger,2002,73622
583,Zitella,Greenrde,zgreenrdeg6@mac.com,Ford,Expedition,2001,89463
584,Hyacintha,Shemmans,hshemmansg7@prnewswire.com,Mercedes-Benz,SL-Class,1998,71622
585,Cybill,Dever,cdeverg8@furl.net,Toyota,MR2,1994,71783
586,Olva,Heape,oheapeg9@abc.net.au,Mercury,Grand Marquis,2009,32402
587,Amity,Potteridge,apotteridgega@wikipedia.org,Mitsubishi,Montero,2001,82103
588,Flossie,Gatty,fgattygb@statcounter.com,Subaru,Justy,1990,95623
589,Dolley,Shrive,dshrivegc@redcross.org,Peugeot,207,2006,46457
590,Granville,Greenside,ggreensidegd@hc360.com,Volvo,C70,2000,13668
591,Leshia,Shrimpling,lshrimplingge@wordpress.org,Chevrolet,G-Series G10,1994,36130
592,Melinde,Hegge,mheggegf@prnewswire.com,Buick,Park Avenue,1994,27555
593,Elisabetta,Sarch,esarchgg@blogspot.com,Ford,Econoline E250,1998,21489
594,Heindrick,Criple,hcriplegh@php.net,Pontiac,G5,2009,91698
595,Matty,Hegel,mhegelgi@wikispaces.com,Honda,Accord,1998,66637
596,Tam,Beebis,tbeebisgj@apple.com,Mitsubishi,Eclipse,1990,11815
597,Cyb,Stennine,cstenninegk@mashable.com,Chevrolet,Monte Carlo,1995,69557
598,Kelly,Sabate,ksabategl@mit.edu,Mazda,MX-3,1993,83148
599,Christa,Cluderay,ccluderaygm@huffingtonpost.com,Dodge,Omni,1978,54308
600,Albertine,Rylett,arylettgn@cbslocal.com,Volkswagen,Fox,1988,67728
601,Agna,Klimkowski,aklimkowskigo@shinystat.com,Toyota,Cressida,1992,66585
602,Cora,Patis,cpatisgp@seesaa.net,Toyota,Sienna,2007,96685
603,Ashton,Labbett,alabbettgq@yale.edu,Mitsubishi,Eclipse,1990,87429
604,Georgie,Otteridge,gotteridgegr@techcrunch.com,Suzuki,SX4,2012,22843
605,Lorena,Hercules,lherculesgs@independent.co.uk,Mitsubishi,Cordia,1986,58424
606,Sansone,Kerwen,skerwengt@yahoo.co.jp,Audi,80,1990,79317
607,Vivi,Hessenthaler,vhessenthalergu@pinterest.com,Nissan,Pathfinder,2009,27846
608,Arie,McDunlevy,amcdunlevygv@diigo.com,Lincoln,MKS,2010,66305
609,Barnaby,Steinhammer,bsteinhammergw@nifty.com,Nissan,Pathfinder,2010,47227
610,Gayleen,Jewkes,gjewkesgx@economist.com,Buick,Riviera,1992,80172
611,Mohandas,Gilhool,mgilhoolgy@ucsd.edu,Jaguar,XJ Series,1998,77413
612,Bealle,Derkes,bderkesgz@mlb.com,Ford,Crown Victoria,2009,76859
613,Silvain,Jakubowsky,sjakubowskyh0@unicef.org,Audi,A8,2007,11555
614,Liz,Trahair,ltrahairh1@archive.org,Lotus,Esprit,1995,16455
615,Elsinore,Ipsgrave,eipsgraveh2@bbb.org,Aston Martin,DBS,2010,76555
616,Dimitri,Galilee,dgalileeh3@shareasale.com,Audi,TT,2009,67408
617,Rosana,Bakhrushin,rbakhrushinh4@usa.gov,Toyota,RAV4,2006,75230
618,Dusty,Wise,dwiseh5@sakura.ne.jp,Lincoln,Navigator,2010,95014
619,Retha,Sabben,rsabbenh6@washington.edu,Oldsmobile,Aurora,1996,2680
620,Giusto,MacCarroll,gmaccarrollh7@unblog.fr,Mitsubishi,Outlander,2004,19103
621,Ber,Sellens,bsellensh8@163.com,Hyundai,Sonata,2009,97500
622,Thomas,Riglar,triglarh9@pinterest.com,Ford,Laser,1985,40412
623,Lesli,Hatrick,lhatrickha@redcross.org,Chrysler,Town & Country,1996,29635
624,Allen,Duplan,aduplanhb@independent.co.uk,BMW,3 Series,2007,76287
625,Lorena,Crisp,lcrisphc@uol.com.br,Maserati,Spyder,2004,88414
626,Shana,Deppen,sdeppenhd@columbia.edu,Subaru,Justy,1991,40548
627,Thedric,Ong,tonghe@wix.com,Toyota,Land Cruiser,2007,97301
628,Maritsa,Langlands,mlanglandshf@simplemachines.org,Ford,LTD Crown Victoria,1991,38423
629,Wendell,Shearer,wshearerhg@paginegialle.it,Toyota,Tundra,2005,15515
630,Derrik,Cowmeadow,dcowmeadowhh@npr.org,Audi,S5,2010,35015
631,Cilka,Gammons,cgammonshi@squarespace.com,Toyota,Celica,1997,39896
632,Zola,Worlock,zworlockhj@ted.com,Mitsubishi,Pajero,1997,56681
633,Julie,Rowney,jrowneyhk@indiatimes.com,Hyundai,Santa Fe,2008,12287
634,Hurleigh,Fieller,hfiellerhl@163.com,Audi,A6,1997,50917
635,Grantley,Peoples,gpeopleshm@instagram.com,Pontiac,Aztek,2002,52747
636,Morissa,Chilton,mchiltonhn@amazon.co.jp,Nissan,Versa,2009,58792
637,Tansy,Flatley,tflatleyho@amazon.co.uk,Rolls-Royce,Phantom,2009,26526
638,Mahala,Agneau,magneauhp@youtube.com,Plymouth,Grand Voyager,1996,39812
639,Stu,Duchart,sducharthq@artisteer.com,Chevrolet,Aveo,2010,59998
640,Corene,Sexti,csextihr@china.com.cn,Dodge,Ram Van 1500,2000,54216
641,Johann,Elden,jeldenhs@drupal.org,Chevrolet,Express 2500,1998,95294
642,Allen,Berrisford,aberrisfordht@mozilla.com,Honda,Civic,2002,6027
643,Wendeline,Cruess,wcruesshu@guardian.co.uk,Chevrolet,Express 2500,1998,24211
644,Aime,Delouch,adelouchhv@boston.com,Honda,CR-V,2002,51268
645,Edy,Edgcumbe,eedgcumbehw@wsj.com,Infiniti,JX,2013,90114
646,Kelsey,Casone,kcasonehx@sciencedaily.com,Mazda,RX-7,1989,63195
647,Lev,Cripin,lcripinhy@tripod.com,Audi,S6,2011,28879
648,Hildegaard,Kingsbury,hkingsburyhz@linkedin.com,Chevrolet,2500,2000,25191
649,Sheeree,Leere,sleerei0@bbb.org,Audi,TT,2011,73307
650,Felipe,Silby,fsilbyi1@about.me,Land Rover,Discovery,2003,68292
651,Glennis,Wollen,gwolleni2@bing.com,Maserati,Gran Sport,2006,14241
652,Durward,Deniso,ddenisoi3@ucoz.com,Honda,Insight,2005,93436
653,Norry,Friar,nfriari4@ebay.co.uk,Kia,Optima,2009,7848
654,Erda,Beavis,ebeavisi5@rediff.com,Buick,Regal,2000,12936
655,Ketty,Sopp,ksoppi6@hubpages.com,Honda,Ridgeline,2008,61861
656,Gabriello,Sirr,gsirri7@reuters.com,BMW,525,2004,60807
657,Lorettalorna,Martinello,lmartinelloi8@dagondesign.com,Audi,A4,1998,58867
658,Sheela,Breslin,sbreslini9@accuweather.com,Honda,Accord,2001,68476
659,Clarke,Franceschi,cfranceschiia@icio.us,Maserati,GranTurismo,2011,72785
660,Willette,Houlworth,whoulworthib@webnode.com,Volvo,V70,2003,30633
661,Kata,Ragdale,kragdaleic@blogtalkradio.com,Mazda,Miata MX-5,2002,45166
662,Tito,Dinis,tdinisid@privacy.gov.au,GMC,Yukon,1994,74687
663,Loella,Sines,lsinesie@cornell.edu,Audi,A4,1996,99916
664,Nadean,Clarridge,nclarridgeif@ucoz.ru,Hyundai,Sonata,1996,42969
665,Leeanne,Wildbore,lwildboreig@squidoo.com,Toyota,Celica,1983,88576
666,Leese,Spellessy,lspellessyih@51.la,Acura,Vigor,1994,3268
667,Gail,Calcott,gcalcottii@google.co.uk,Volvo,C30,2010,76772
668,Nora,Priscott,npriscottij@merriam-webster.com,Volkswagen,Fox,1992,67891
669,Liliane,Nadin,lnadinik@dagondesign.com,BMW,X6 M,2012,44213
670,Russell,Chantler,rchantleril@china.com.cn,Subaru,Forester,1999,53056
671,Yancey,Spikins,yspikinsim@msu.edu,Ford,Escort,2004,58195
672,Stearne,Friary,sfriaryin@mozilla.org,Subaru,Justy,1991,33365
673,Bradan,Capstack,bcapstackio@archive.org,Toyota,Land Cruiser,2011,74021
674,Lefty,Gartery,lgarteryip@howstuffworks.com,Porsche,911,1993,28928
675,Ruggiero,Braban,rbrabaniq@icio.us,Ford,Explorer,1994,61617
676,Vonny,Vogl,vvoglir@washingtonpost.com,Chevrolet,Cobalt,2006,66547
677,Levey,Tunuy,ltunuyis@symantec.com,Mazda,MPV,1996,72917
678,Rafferty,Castel,rcastelit@reuters.com,Mercury,Lynx,1986,15387
679,Wendel,Giovannardi,wgiovannardiiu@mapquest.com,Isuzu,Rodeo Sport,2003,96006
680,Modesty,Goodlake,mgoodlakeiv@wired.com,Land Rover,Discovery,2003,32878
681,Denny,Verdun,dverduniw@cloudflare.com,Mercury,Grand Marquis,1990,81490
682,Willi,Iley,wileyix@360.cn,Dodge,Caravan,2009,83766
683,Sybille,Grievson,sgrievsoniy@t-online.de,Chrysler,Town & Country,2002,18224
684,Rosco,Yann,ryanniz@cam.ac.uk,Volkswagen,New Beetle,1999,46512
685,Harman,Capstack,hcapstackj0@eventbrite.com,Mercury,Tracer,1989,96014
686,Delmar,Ogborn,dogbornj1@cargocollective.com,Volvo,V70,2000,21799
687,Benjamen,Beazleigh,bbeazleighj2@columbia.edu,GMC,Yukon XL 2500,2007,98638
688,Barrie,Ramsdell,bramsdellj3@marketwatch.com,Mercedes-Benz,300CE,1993,38886
689,Daphne,Inglish,dinglishj4@about.me,Land Rover,Range Rover,1988,88106
690,Bernie,Dofty,bdoftyj5@digg.com,Toyota,TundraMax,2010,37066
691,Hillel,Longthorn,hlongthornj6@ocn.ne.jp,Volkswagen,Passat,2007,15258
692,Alysa,Southers,asouthersj7@bravesites.com,Mercedes-Benz,C-Class,2008,9422
693,Mathilde,Ormiston,mormistonj8@creativecommons.org,Lexus,LS Hybrid,2012,64771
694,Pooh,Shingles,pshinglesj9@house.gov,Buick,Regal,1992,71686
695,Torey,Celli,tcellija@mapy.cz,GMC,Yukon,1992,2327
696,Cthrine,Gregoretti,cgregorettijb@zdnet.com,Mazda,RX-8,2005,81089
697,Delphinia,Patten,dpattenjc@deliciousdays.com,GMC,Yukon XL 1500,2007,17999
698,Curcio,Barnewall,cbarnewalljd@desdev.cn,Subaru,Forester,2009,69583
699,Reade,Leaves,rleavesje@twitter.com,Mazda,626,1998,57600
700,Clarice,Rehm,crehmjf@goo.ne.jp,Kia,Spectra,2009,52450
701,Christan,Heisler,cheislerjg@odnoklassniki.ru,Chevrolet,Silverado 1500,2000,67128
702,Ashien,Hayes,ahayesjh@etsy.com,Honda,CR-V,2006,8546
703,Jessamyn,Massenhove,jmassenhoveji@google.com,Audi,4000CS Quattro,1987,90355
704,Benedict,Coatsworth,bcoatsworthjj@nymag.com,BMW,645,2004,97309
705,Olympe,Fane,ofanejk@cpanel.net,Mazda,CX-7,2008,90897
706,Robin,MacMoyer,rmacmoyerjl@usnews.com,Mazda,B-Series Plus,1995,17469
707,Sunny,Dentith,sdentithjm@howstuffworks.com,Nissan,300ZX,1994,44852
708,Timoteo,Surgison,tsurgisonjn@utexas.edu,Buick,Regal,1985,35823
709,Adrianne,Rottcher,arottcherjo@state.tx.us,Dodge,Ram 1500,1999,24880
710,Godard,Handy,ghandyjp@yahoo.co.jp,Honda,Odyssey,2010,46439
711,Gerrard,Brighty,gbrightyjq@mail.ru,Isuzu,Oasis,1998,2499
712,Nye,Fyldes,nfyldesjr@odnoklassniki.ru,Kia,Sorento,2005,30472
713,Dietrich,Karpfen,dkarpfenjs@yellowbook.com,GMC,Sierra 1500,2012,45118
714,Dickie,Strother,dstrotherjt@rakuten.co.jp,Dodge,Stealth,1992,20642
715,Sloane,Geeves,sgeevesju@ucoz.com,Ford,Econoline E350,1998,6343
716,Gweneth,Kirsche,gkirschejv@usda.gov,Mercury,Montego,2005,24910
717,Bale,Gorvin,bgorvinjw@domainmarket.com,Scion,xD,2011,81933
718,Corina,Peyro,cpeyrojx@vk.com,Honda,Crosstour,2012,32262
719,Elinore,Southern,esouthernjy@oracle.com,Isuzu,Ascender,2004,86750
720,Elvina,Dudlestone,edudlestonejz@amazon.co.uk,Oldsmobile,Bravada,1998,43431
721,Swen,Trowsdall,strowsdallk0@slate.com,Volkswagen,Passat,2003,52509
722,Angus,Heinschke,aheinschkek1@rediff.com,Volkswagen,Passat,2004,39753
723,Delphine,Conws,dconwsk2@facebook.com,Hyundai,Veracruz,2007,89765
724,Alexina,Matzen,amatzenk3@marketwatch.com,Chevrolet,Venture,1998,70432
725,Ardeen,Moggie,amoggiek4@intel.com,Toyota,Tercel,1993,14636
726,Gordon,Neary,gnearyk5@slashdot.org,Ford,F350,2011,41531
727,Hewet,Kleinholz,hkleinholzk6@japanpost.jp,Chevrolet,Impala,2001,86436
728,Nicolas,Cay,ncayk7@odnoklassniki.ru,Porsche,Cayenne,2011,81472
729,Eldredge,Conboy,econboyk8@jugem.jp,Ford,F350,2005,5720
730,Jourdan,Ruecastle,jruecastlek9@aol.com,Dodge,Caravan,1997,92969
731,Elisa,Willmett,ewillmettka@ucla.edu,Subaru,XT,1991,67905
732,Florida,Dibsdale,fdibsdalekb@elpais.com,Acura,RDX,2007,62272
733,Luella,McAlister,lmcalisterkc@wix.com,BMW,600,1959,39031
734,Pace,Dally,pdallykd@eventbrite.com,Jaguar,XK Series,2013,96096
735,Winnie,Molson,wmolsonke@sitemeter.com,Mercedes-Benz,SLK-Class,1997,27562
736,Florenza,Lattimore,flattimorekf@npr.org,Ford,Explorer,2000,65846
737,Alethea,Cockerill,acockerillkg@delicious.com,Nissan,Pathfinder,2001,38380
738,Corrianne,Dourin,cdourinkh@addtoany.com,GMC,Jimmy,1993,49991
739,Caralie,Beloe,cbeloeki@chicagotribune.com,Mazda,MPV,1989,74146
740,Rodge,Bard,rbardkj@eventbrite.com,Chevrolet,Lumina,1993,21139
741,Roosevelt,Cleef,rcleefkk@nbcnews.com,GMC,Safari,1996,75216
742,Brigida,Tremaine,btremainekl@ehow.com,Subaru,Baja,2004,60822
743,Jone,Degnen,jdegnenkm@senate.gov,Land Rover,Discovery,1995,22771
744,Neddy,Pragnall,npragnallkn@netvibes.com,Honda,Civic,1989,99858
745,Alyce,L'Hommeau,alhommeauko@dagondesign.com,Mazda,MX-3,1994,24022
746,Magdalene,Beecker,mbeeckerkp@studiopress.com,Lexus,GX,2004,14104
747,Millie,Ewbanche,mewbanchekq@surveymonkey.com,Mitsubishi,Tredia,1986,93564
748,Felice,Dayly,fdaylykr@yale.edu,Acura,TL,2011,85967
749,Verney,Soppit,vsoppitks@symantec.com,Ford,Ranger,2007,68135
750,Colene,Balducci,cbalduccikt@amazon.de,GMC,Vandura G2500,1995,62061
751,Annabela,Schrei,aschreiku@wp.com,Ford,Econoline E150,1995,26193
752,Davidde,Mycock,dmycockkv@spotify.com,GMC,1500,1998,1959
753,Fallon,Grimmer,fgrimmerkw@cbsnews.com,Ford,Explorer,1993,85126
754,Chelsie,Sopper,csopperkx@networkadvertising.org,Chevrolet,Malibu,2011,55923
755,Johnny,Nerheny,jnerhenyky@yahoo.co.jp,Cadillac,CTS-V,2007,3573
756,Gratiana,Beavors,gbeavorskz@lulu.com,Mazda,MX-5,1995,94020
757,Zorah,Huot,zhuotl0@topsy.com,Mazda,B2600,1987,13474
758,Zerk,Ourry,zourryl1@youku.com,Audi,A8,2007,67095
759,Brady,Antal,bantall2@cdc.gov,Subaru,Outback Sport,2002,72332
760,Sergio,Paulmann,spaulmannl3@taobao.com,Land Rover,Discovery,1995,95860
761,Ase,Bullus,abullusl4@mac.com,Oldsmobile,Cutlass,1997,91432
762,Brook,Abbott,babbottl5@slashdot.org,Acura,NSX,1998,85613
763,Sandy,Gibbens,sgibbensl6@ask.com,Ford,Escort,2000,63159
764,Julieta,Boosey,jbooseyl7@arstechnica.com,Dodge,Caravan,1999,34937
765,Eb,Sharratt,esharrattl8@taobao.com,Ferrari,430 Scuderia,2008,71299
766,Tarra,Gleaves,tgleavesl9@statcounter.com,Oldsmobile,Achieva,1995,65179
767,Mychal,Hedlestone,mhedlestonela@amazon.de,GMC,Suburban 2500,1994,69013
768,Ramona,Chippindall,rchippindalllb@virginia.edu,Alfa Romeo,Spider,1992,10366
769,Augustin,Cuttin,acuttinlc@myspace.com,Dodge,Avenger,1996,31231
770,Shanda,Bille,sbilleld@pagesperso-orange.fr,Toyota,Tacoma Xtra,1996,57582
771,Dag,Bellas,dbellasle@springer.com,Mercedes-Benz,SL-Class,2006,91562
772,Corey,D'Hooghe,cdhooghelf@nytimes.com,Honda,Accord,1985,26819
773,Peder,Andrelli,pandrellilg@gravatar.com,Mazda,Miata MX-5,2010,22531
774,Daune,Goard,dgoardlh@indiatimes.com,Subaru,XT,1988,19958
775,Bendix,Lamerton,blamertonli@nsw.gov.au,Jeep,Grand Cherokee,2001,58701
776,Harli,Sabban,hsabbanlj@dailymail.co.uk,Toyota,T100 Xtra,1997,28337
777,Randi,Doutch,rdoutchlk@mozilla.org,Toyota,RAV4,2005,47742
778,Irving,Ashe,iashell@exblog.jp,Mercury,Monterey,2005,79699
779,Cobbie,Sharpless,csharplesslm@etsy.com,Hyundai,Elantra,2012,50023
780,Selie,Simms,ssimmsln@simplemachines.org,Buick,Coachbuilder,1992,80654
781,Nat,Mussalli,nmussallilo@drupal.org,Land Rover,Defender,1993,65774
782,Starlin,Ladbury,sladburylp@yellowbook.com,Cadillac,Escalade ESV,2006,92526
783,Worthy,Nuss,wnusslq@pen.io,Chevrolet,Suburban 2500,1996,32599
784,Brannon,Smardon,bsmardonlr@de.vu,Mitsubishi,Precis,1990,90345
785,Eleonore,Pasby,epasbyls@last.fm,Mazda,MPV,2001,59193
786,Emmye,Eccott,eeccottlt@disqus.com,Dodge,Nitro,2008,24279
787,Artemis,Klezmski,aklezmskilu@boston.com,Chevrolet,3500,1999,12908
788,Orsola,Gabitis,ogabitislv@skyrock.com,Chevrolet,TrailBlazer,2002,78112
789,Ahmed,Yedy,ayedylw@qq.com,Dodge,Ram 2500,2006,16836
790,Pammie,Calendar,pcalendarlx@vk.com,Toyota,T100 Xtra,1998,88611
791,Jenn,Haydn,jhaydnly@4shared.com,Ford,Escort,1994,18347
792,Wayne,Mounce,wmouncelz@google.co.uk,Dodge,Ram Van 1500,1996,66603
793,Christabella,Shinfield,cshinfieldm0@biblegateway.com,BMW,3 Series,2009,23457
794,Alastair,Doerr,adoerrm1@amazon.co.jp,Buick,Skyhawk,1985,52581
795,Iormina,Roubert,iroubertm2@bluehost.com,Aston Martin,V8 Vantage S,2012,60018
796,Brandea,Innocent,binnocentm3@prweb.com,Nissan,200SX,1998,11208
797,Parrnell,Tessier,ptessierm4@usgs.gov,Cadillac,Fleetwood,1996,92312
798,Judy,Whistance,jwhistancem5@theglobeandmail.com,Cadillac,STS-V,2006,11075
799,Amata,Hargrave,ahargravem6@google.ru,Mazda,CX-9,2009,71554
800,Kevyn,Aveling,kavelingm7@gizmodo.com,Nissan,Cube,2011,76472
801,Myrtice,Trusse,mtrussem8@buzzfeed.com,Ford,Th!nk,2002,21884
802,Stanislas,Jauncey,sjaunceym9@berkeley.edu,Mitsubishi,Chariot,1996,64435
803,Bernadette,Brenton,bbrentonma@springer.com,Subaru,Brat,1987,18454
804,Nikolas,Visick,nvisickmb@samsung.com,Mitsubishi,Pajero,2005,63767
805,Alexandre,Stannislawski,astannislawskimc@hubpages.com,Porsche,911,2013,21006
806,Lorie,Swiffen,lswiffenmd@wordpress.com,Mercedes-Benz,CLK-Class,2000,94961
807,Lesya,Curtoys,lcurtoysme@hibu.com,Holden,VS Commodore,1997,40042
808,Jimmie,Cheley,jcheleymf@nasa.gov,Ford,Tempo,1987,9459
809,Emelyne,Kief,ekiefmg@abc.net.au,Volkswagen,Fox,1987,49132
810,Gabriel,Litchmore,glitchmoremh@webs.com,Kia,Borrego,2009,4154
811,Zerk,McGreary,zmcgrearymi@51.la,Chevrolet,2500,1992,49430
812,Nicola,MacGiffin,nmacgiffinmj@redcross.org,Saturn,S-Series,1999,96735
813,Amble,Danielsson,adanielssonmk@stumbleupon.com,Ford,Thunderbird,1955,97786
814,Mirabel,Yuryev,myuryevml@mac.com,Chrysler,Aspen,2009,49395
815,Olympia,Thorogood,othorogoodmm@rambler.ru,Cadillac,DeVille,1993,10720
816,Gretna,Bastable,gbastablemn@businesswire.com,Lexus,SC,1999,78786
817,Lorinda,Hunter,lhuntermo@clickbank.net,Ford,Mustang,1972,35539
818,Sidoney,Dacca,sdaccamp@sbwire.com,Chevrolet,Silverado 1500,2012,96622
819,Doloritas,Hyndson,dhyndsonmq@yahoo.co.jp,Mazda,Mazdaspeed6,2006,45110
820,Glad,Brimley,gbrimleymr@dailymail.co.uk,Ford,F-Series Super Duty,2011,53211
821,Antin,Greeding,agreedingms@chron.com,Toyota,Supra,1997,72769
822,Doug,Lovell,dlovellmt@parallels.com,Mazda,MX-5,1992,4468
823,Woody,Rusk,wruskmu@liveinternet.ru,Volkswagen,Passat,2008,54188
824,Bertine,Osbourne,bosbournemv@ucsd.edu,Mercedes-Benz,G-Class,2012,21159
825,Samara,Goodsir,sgoodsirmw@shop-pro.jp,Dodge,Neon,2004,72600
826,Carce,Roffey,croffeymx@pen.io,Bentley,Continental GTC,2012,24198
827,Dyanne,Redihalgh,dredihalghmy@weibo.com,Mercedes-Benz,CLK-Class,2002,93426
828,Crosby,Poel,cpoelmz@joomla.org,Chevrolet,2500,1992,14329
829,Dennis,Causer,dcausern0@kickstarter.com,Toyota,Avalon,1998,20081
830,Daffy,Crosston,dcrosstonn1@biglobe.ne.jp,Chevrolet,Silverado 3500,2011,60405
831,Leslie,Ghidoni,lghidonin2@sourceforge.net,Lamborghini,Diablo,1993,23920
832,Dimitry,Anyon,danyonn3@naver.com,Chevrolet,Suburban 1500,1996,29342
833,Ingaborg,Epp,ieppn4@multiply.com,Maserati,228,1989,18984
834,Mattias,Wimes,mwimesn5@walmart.com,Mitsubishi,Lancer,2012,35471
835,Jacky,Harpham,jharphamn6@hhs.gov,Cadillac,CTS-V,2010,65659
836,Berri,Bittlestone,bbittlestonen7@people.com.cn,Suzuki,Swift,1996,12066
837,Betteanne,Ipsley,bipsleyn8@qq.com,Ford,Windstar,2002,33222
838,Sanderson,Dowker,sdowkern9@fc2.com,MINI,Cooper,2008,48044
839,Dasie,Vasenin,dvaseninna@elpais.com,Mazda,929,1995,49581
840,Nathanael,Maseyk,nmaseyknb@senate.gov,GMC,Sierra 1500,2000,10734
841,Jamil,Low,jlownc@angelfire.com,Mitsubishi,Eclipse,1996,43534
842,Vern,Seifert,vseifertnd@google.com,Audi,A4,2011,35152
843,Mirabelle,Brinkler,mbrinklerne@wiley.com,Dodge,Viper RT/10,1994,54056
844,Ricardo,Molnar,rmolnarnf@intel.com,Plymouth,Horizon,1978,48777
845,Gwendolin,Farrington,gfarringtonng@cornell.edu,Dodge,Durango,2003,23377
846,Maryjane,Gisburn,mgisburnnh@mozilla.org,Jeep,Wrangler,2001,55297
847,Bronny,Brownlie,bbrownlieni@themeforest.net,Saturn,Outlook,2007,88249
848,Becka,Franklen,bfranklennj@springer.com,Chevrolet,Lumina,1998,6629
849,Grace,Ingerman,gingermannk@ebay.co.uk,Chevrolet,Corvette,1972,60346
850,Gardiner,Onions,gonionsnl@mapy.cz,Saab,9-7X,2009,22713
851,Jami,O'Lehane,jolehanenm@scribd.com,Ford,ZX2,2001,24016
852,Benetta,Zecchi,bzecchinn@mediafire.com,Toyota,Previa,1993,12706
853,Orelee,Roles,orolesno@loc.gov,GMC,Sierra,2009,75143
854,Moses,Hawksby,mhawksbynp@mtv.com,Toyota,Supra,1998,71204
855,Clea,Crafts,ccraftsnq@huffingtonpost.com,Dodge,Ram Van 3500,2000,41681
856,Anallise,Petrus,apetrusnr@ehow.com,Honda,Prelude,2000,85778
857,Birch,Colhoun,bcolhounns@chicagotribune.com,Isuzu,Rodeo,1992,68540
858,Jeffy,Ebanks,jebanksnt@amazon.de,Suzuki,SX4,2008,98405
859,Joleen,Krout,jkroutnu@instagram.com,Ford,Expedition,1999,79046
860,Vinni,Witheridge,vwitheridgenv@dropbox.com,Rolls-Royce,Phantom,2010,79625
861,Huey,Ticksall,hticksallnw@artisteer.com,Ford,Expedition EL,2007,79860
862,Emeline,Wonfar,ewonfarnx@seattletimes.com,Dodge,Grand Caravan,2004,45058
863,Tudor,Jeenes,tjeenesny@bravesites.com,Dodge,Durango,2009,61119
864,Roxana,Cartwright,rcartwrightnz@twitpic.com,Toyota,Matrix,2006,12855
865,Bria,Palliser,bpallisero0@parallels.com,Isuzu,VehiCROSS,2000,53524
866,Hyatt,Muckersie,hmuckersieo1@alexa.com,Land Rover,Discovery,2006,70372
867,Darcee,Defont,ddefonto2@goo.ne.jp,Chrysler,LeBaron,1994,28478
868,Cherri,Gewer,cgewero3@whitehouse.gov,Subaru,Legacy,2011,79699
869,Herschel,Summerlad,hsummerlado4@bloomberg.com,Pontiac,Sunfire,2004,35806
870,Noll,Lilion,nliliono5@cbc.ca,Ford,Explorer,1995,70956
871,Christen,Picken,cpickeno6@ft.com,Dodge,D250 Club,1992,37147
872,Kathlin,Pendleberry,kpendleberryo7@nifty.com,Ford,Ranger,1989,64423
873,Granthem,Flescher,gfleschero8@umn.edu,Suzuki,X-90,1997,11401
874,Shermy,Lane,slaneo9@squarespace.com,Mercury,Topaz,1992,69780
875,Brandie,Linbohm,blinbohmoa@yellowpages.com,Ford,E250,1984,91907
876,Dallis,Daugherty,ddaughertyob@about.me,Smart,Fortwo,2011,83565
877,Pen,Van de Castele,pvandecasteleoc@networkadvertising.org,Dodge,Grand Caravan,1996,5852
878,Chelsy,Cowey,ccoweyod@comsenz.com,Volkswagen,New Beetle,2004,58698
879,Storm,Di Bernardo,sdibernardooe@macromedia.com,Studebaker,Avanti,1963,61589
880,Byrann,Dubock,bdubockof@liveinternet.ru,Mitsubishi,L300,1990,56875
881,Justis,Horwell,jhorwellog@nydailynews.com,GMC,Vandura 2500,1994,71574
882,Adolpho,Copplestone,acopplestoneoh@t.co,Nissan,Maxima,2003,78569
883,Aleda,Martynka,amartynkaoi@biglobe.ne.jp,GMC,Safari,2002,45560
884,Gilligan,Koenen,gkoenenoj@psu.edu,Oldsmobile,Cutlass Cruiser,1993,83699
885,Cornell,Kelwick,ckelwickok@wired.com,Chrysler,300M,1999,11527
886,Adan,Bewly,abewlyol@bbb.org,Oldsmobile,Bravada,2003,46257
887,Jules,Woodfine,jwoodfineom@independent.co.uk,Volkswagen,GTI,2009,64021
888,Manfred,Sollis,msollison@psu.edu,Lamborghini,Countach,1985,25047
889,Sonya,Lucian,slucianoo@goo.ne.jp,Hummer,H3T,2010,91617
890,Krishna,Paulsen,kpaulsenop@slashdot.org,Toyota,RAV4,1996,50882
891,Jean,Dallemore,jdallemoreoq@de.vu,Nissan,Murano,2011,22328
892,Jan,Minnis,jminnisor@pbs.org,Chevrolet,Suburban 2500,2001,34666
893,Becky,Tantrum,btantrumos@washingtonpost.com,Land Rover,Range Rover,2004,7277
894,Caprice,Sailor,csailorot@businessinsider.com,Chevrolet,Astro,2004,94174
895,Winn,Earngy,wearngyou@cargocollective.com,Dodge,Ram 2500,1995,70530
896,Tallulah,Blick,tblickov@mail.ru,BMW,M3,2010,90855
897,Dayle,Gosart,dgosartow@gmpg.org,Nissan,Frontier,1998,94087
898,Mordy,Peltz,mpeltzox@census.gov,Lincoln,Town Car,1984,4610
899,Wendel,McGillecole,wmcgillecoleoy@bandcamp.com,Nissan,Xterra,2004,34088
900,Lionel,Rollins,lrollinsoz@kickstarter.com,BMW,M5,2006,86819
901,Maury,Vossing,mvossingp0@taobao.com,Land Rover,LR2,2011,5985
902,Sharlene,Foskett,sfoskettp1@answers.com,Chevrolet,HHR,2008,29624
903,Leeland,Innott,linnottp2@geocities.jp,Chrysler,Cirrus,1998,68553
904,Fayth,Cantrell,fcantrellp3@bloglines.com,Lotus,Elise,2009,19590
905,Kally,Francklin,kfrancklinp4@jiathis.com,Lexus,LS,2000,55517
906,Glory,Hotson,ghotsonp5@admin.ch,BMW,7 Series,1996,61793
907,Oralia,Prescote,oprescotep6@hatena.ne.jp,Cadillac,DeVille,2003,67791
908,Roberta,Tousy,rtousyp7@oracle.com,Mitsubishi,Tundra,2009,23354
909,Tallou,Valentin,tvalentinp8@biglobe.ne.jp,Pontiac,6000,1990,3957
910,Dede,Franzonello,dfranzonellop9@usatoday.com,Cadillac,Escalade EXT,2008,41979
911,Teodoor,Redd,treddpa@washingtonpost.com,Mercedes-Benz,SL-Class,1994,75338
912,Alessandro,Stapells,astapellspb@sourceforge.net,Jaguar,X-Type,2004,57980
913,Raynell,Mash,rmashpc@unc.edu,Mercury,Topaz,1994,11770
914,Fernanda,Hedger,fhedgerpd@friendfeed.com,Infiniti,I,2003,41095
915,Lavina,Neeson,lneesonpe@ycombinator.com,Scion,tC,2008,60248
916,Corbett,Fereday,cferedaypf@odnoklassniki.ru,Mazda,CX-9,2008,5459
917,Christalle,Eirwin,ceirwinpg@over-blog.com,Ford,Escape,2011,55766
918,Alexio,Ephgrave,aephgraveph@pen.io,Ford,Mustang,2011,50251
919,Amalie,Toland,atolandpi@hexun.com,Buick,Skylark,1998,20952
920,Derron,Carrack,dcarrackpj@google.ca,Subaru,Legacy,2009,17848
921,Kristyn,Cornbell,kcornbellpk@blogger.com,Nissan,Maxima,1999,3656
922,Haze,Rable,hrablepl@tinypic.com,Acura,RDX,2011,9203
923,Walther,Buist,wbuistpm@microsoft.com,Dodge,Dakota,2010,36719
924,Marv,Manders,mmanderspn@ihg.com,BMW,Z3,2002,99676
925,Gilli,Fitzmaurice,gfitzmauricepo@bigcartel.com,Mercedes-Benz,SL-Class,2007,57043
926,Connie,Deal,cdealpp@gnu.org,Ford,Thunderbird,2004,71566
927,Byrom,Merriott,bmerriottpq@cbsnews.com,Chevrolet,Express 3500,1999,69614
928,Dorie,Gibbieson,dgibbiesonpr@examiner.com,Isuzu,Hombre,1998,59856
929,Lucine,Reeveley,lreeveleyps@cocolog-nifty.com,Bentley,Continental GTC,2009,23934
930,Val,Gerritzen,vgerritzenpt@biglobe.ne.jp,Land Rover,Discovery,2005,89134
931,Teddy,Feander,tfeanderpu@psu.edu,Hummer,H1,2006,62466
932,Theressa,Drews,tdrewspv@bloglines.com,Jeep,Cherokee,1998,11234
933,Son,Illiston,sillistonpw@merriam-webster.com,Ford,Explorer Sport Trac,2004,53775
934,Lethia,Cornelius,lcorneliuspx@examiner.com,GMC,Sierra 2500,2000,71686
935,Gerrilee,Newcomen,gnewcomenpy@harvard.edu,Chevrolet,Camaro,1994,61500
936,Zackariah,McCobb,zmccobbpz@shop-pro.jp,Jeep,Wrangler,2002,32808
937,Frayda,Duly,fdulyq0@quantcast.com,Mitsubishi,Tredia,1988,97459
938,Barron,Bartalot,bbartalotq1@ibm.com,BMW,7 Series,2012,14989
939,Klaus,Marusik,kmarusikq2@lycos.com,Land Rover,Discovery,2008,37749
940,Midge,Dacey,mdaceyq3@epa.gov,Ford,Mustang,2010,14026
941,Ellie,Van der Son,evandersonq4@dropbox.com,Toyota,Camry,2000,50932
942,Garald,Allman,gallmanq5@youku.com,Chevrolet,Express 3500,2003,77100
943,Annamaria,McGrory,amcgroryq6@mlb.com,Ford,GT500,2007,90105
944,Gratiana,Exroll,gexrollq7@flickr.com,Porsche,Cayenne,2013,67649
945,Gunther,Koppel,gkoppelq8@npr.org,Mazda,Protege,1997,8677
946,Kata,Shead,ksheadq9@who.int,Dodge,Ram 2500,1999,95792
947,Arabelle,Challenor,achallenorqa@scribd.com,Pontiac,Bonneville,2004,21872
948,Pia,Sterricks,psterricksqb@multiply.com,BMW,6 Series,2009,70495
949,Shawn,Morsley,smorsleyqc@macromedia.com,GMC,Jimmy,1992,76598
950,Pollyanna,Muirhead,pmuirheadqd@vk.com,Isuzu,Rodeo Sport,2002,69363
951,Happy,Grocutt,hgrocuttqe@constantcontact.com,Lexus,SC,1997,50212
952,Cristi,Banaszczyk,cbanaszczykqf@prweb.com,Mercedes-Benz,500SL,1992,55856
953,Alexio,Wildor,awildorqg@baidu.com,Pontiac,Aztek,2003,28751
954,Gilbertine,Law,glawqh@cam.ac.uk,GMC,Sierra 2500,1999,73356
955,Kass,Spiers,kspiersqi@squidoo.com,Audi,A6,2001,55301
956,Cammi,Kingsland,ckingslandqj@nationalgeographic.com,Cadillac,DTS,2008,52609
957,Windham,Dupree,wdupreeqk@disqus.com,Jeep,Grand Cherokee,2009,61544
958,Cecile,Munson,cmunsonql@japanpost.jp,Kia,Spectra,2002,88533
959,Ruttger,Dacey,rdaceyqm@studiopress.com,Land Rover,Defender,1995,77640
960,Erick,Guye,eguyeqn@salon.com,Chrysler,New Yorker,1992,94007
961,Zacharia,Darnbrook,zdarnbrookqo@phpbb.com,Ford,Mustang,1997,60297
962,Martie,Skyrm,mskyrmqp@yale.edu,BMW,M5,1992,92328
963,Anastasia,Dewey,adeweyqq@bing.com,Volvo,C70,2012,70991
964,Imogen,Inchboard,iinchboardqr@ebay.com,GMC,1500,1995,13534
965,Kerstin,Orritt,korrittqs@indiegogo.com,Ford,Mustang,1968,42151
966,Junie,Carleton,jcarletonqt@vinaora.com,Toyota,4Runner,2006,8429
967,Marietta,Tibbotts,mtibbottsqu@free.fr,GMC,Sierra 2500,2010,97617
968,Skell,Daoust,sdaoustqv@harvard.edu,Mazda,323,1994,91223
969,Dione,Connerry,dconnerryqw@t.co,Chevrolet,S10,1996,71923
970,Fabiano,Dyet,fdyetqx@huffingtonpost.com,Chrysler,LHS,1999,36207
971,Nap,Drain,ndrainqy@businesswire.com,Cadillac,CTS,2004,12007
972,Rosetta,Ennor,rennorqz@reverbnation.com,Chevrolet,Cavalier,1996,93380
973,Tan,Boolsen,tboolsenr0@wiley.com,Morgan,Aero 8,2009,85245
974,Jenifer,Pigford,jpigfordr1@abc.net.au,Mercedes-Benz,SL-Class,2001,22491
975,Amber,Taig,ataigr2@qq.com,Isuzu,Trooper,1994,97654
976,Pepita,Arend,parendr3@nyu.edu,Lotus,Exige,2011,27041
977,Hatti,Hourihane,hhourihaner4@netscape.com,Mercury,Sable,1992,76317
978,Codee,Everly,ceverlyr5@homestead.com,Volkswagen,Golf,1997,96381
979,Rona,Shewery,rsheweryr6@prlog.org,Hyundai,Tiburon,1998,86929
980,Ferd,Claiton,fclaitonr7@bigcartel.com,Lexus,IS,2003,81412
981,Clarey,Hucke,chucker8@seattletimes.com,Subaru,Outback,2011,31506
982,Maryl,Gostyke,mgostyker9@sogou.com,Ford,Expedition EL,2008,7229
983,Sonnie,Flageul,sflageulra@comcast.net,GMC,Yukon,1999,60783
984,Raynell,Meatcher,rmeatcherrb@yellowpages.com,Cadillac,Eldorado,1995,88595
985,Merridie,Stoakes,mstoakesrc@dot.gov,Chevrolet,3500,1993,43511
986,Hort,Drabble,hdrabblerd@mozilla.org,Mazda,RX-7,1988,76133
987,Douglass,Childs,dchildsre@nasa.gov,Saturn,VUE,2007,16215
988,Noelani,Blanshard,nblanshardrf@fotki.com,Mitsubishi,Endeavor,2011,25247
989,Gilemette,Jearum,gjearumrg@tripod.com,GMC,Envoy XUV,2004,63219
990,Falkner,Heel,fheelrh@about.me,Buick,LeSabre,2000,37811
991,Isador,Bambrugh,ibambrughri@addthis.com,GMC,Savana 1500,2012,97959
992,Nananne,Mileham,nmilehamrj@icq.com,Pontiac,GTO,1970,50583
993,Hyacinthie,Pawfoot,hpawfootrk@ow.ly,Nissan,Murano,2006,21513
994,Allx,Duly,adulyrl@shop-pro.jp,BMW,X5,2009,63567
995,Micki,Brandsen,mbrandsenrm@answers.com,Toyota,Camry,2002,76012
996,Ernestine,Edleston,eedlestonrn@cdc.gov,Mitsubishi,Mirage,1986,66657
997,Jessa,Bunson,jbunsonro@acquirethisname.com,Chevrolet,Express 3500,2012,93171
998,Sheba,Farquhar,sfarquharrp@symantec.com,Ford,Escort ZX2,2003,84249
999,Gabey,Verlinde,gverlinderq@joomla.org,Ford,E-Series,1993,88942
1000,Hattie,Gaggen,hgaggenrr@nih.gov,Nissan,Sentra,1997,46969
