1,artur,golubevs,artur.golubevs@gmail.com,Zaporozets,Golf,2005.0,1500.0
2,koit,klimberg,koitklimber@gmail.com,ford,focus,2003.0,1000.0
3,martin,tamm,martin.tamm@gmail.com,volkswagen,golf,2001.0,3500.0
4,Kingston,Fidgin,kfidgin3@opensource.org,Ford,Edge,2010.0,60767.0
7,Aldrich,"De Gregoli",adegregoli6@harvard.edu,Mercedes-Benz,CL-Class,2004.0,66425.0
8,Allistir,MacCafferky,amaccafferky7@google.it,Mitsubishi,i-MiEV,2012.0,94857.0
9,Florencia,Spadotto,fspadotto8@macromedia.com,Infiniti,Q,1997.0,85163.0
11,Penrod,"O'Crevy",pocrevya@purevolume.com,Kia,Spectra,2001.0,3701.0
12,Cyndia,Maccaddie,cmaccaddieb@unicef.org,Jeep,"Grand Cherokee",2011.0,47696.0
13,Jordanna,Norcliff,jnorcliffc@reddit.com,Volvo,S80,2009.0,17487.0
14,Derby,Careless,dcarelessd@sbwire.com,Chevrolet,Lumina,2000.0,88321.0
16,Ingram,Denson,idensonf@posterous.com,Lincoln,Navigator,2001.0,42197.0
17,Ambrose,Gorton,agortong@hc360.com,Bentley,"Continental Flying Spur",2006.0,28587.0
18,Shawn,Wolfarth,swolfarthh@intel.com,Volkswagen,GTI,2011.0,82944.0
19,Mona,Dovidian,mdovidiani@qq.com,BMW,"7 Series",2003.0,11513.0
20,Aldo,Ennals,aennalsj@mysql.com,Volkswagen,Passat,1988.0,16234.0
21,Luciano,Durdy,ldurdyk@gmpg.org,Mitsubishi,Challenger,2001.0,65915.0
22,Maggy,Tennison,mtennisonl@huffingtonpost.com,Buick,"Park Avenue",2004.0,51177.0
23,Basia,"Du Plantier",bduplantierm@goo.gl,Pontiac,Firebird,1969.0,58416.0
24,Marice,Tellenbach,mtellenbachn@skype.com,Toyota,Corolla,2001.0,51200.0
25,Dallon,Dawtrey,ddawtreyo@themeforest.net,Ford,F250,1994.0,51047.0
26,Sigismondo,Hanfrey,shanfreyp@soup.io,Mitsubishi,Pajero,2005.0,10157.0
27,Stace,Menghi,smenghiq@sourceforge.net,Hyundai,Accent,2001.0,6159.0
28,Emalia,Studdal,estuddalr@cisco.com,Honda,Odyssey,2007.0,25639.0
29,Claresta,Neame,cneames@engadget.com,Dodge,"Ram Van 2500",2003.0,17439.0
30,Bunni,Normant,bnormantt@theguardian.com,"Land Rover","Range Rover",1996.0,79913.0
31,Blondy,Durnall,bdurnallu@toplist.cz,Porsche,Boxster,2013.0,88571.0
32,Caspar,Prestner,cprestnerv@amazon.com,Pontiac,GTO,1973.0,34661.0
33,Michelle,Cristol,mcristolw@uol.com.br,Jaguar,X-Type,2003.0,60362.0
34,Ingemar,Ludlem,iludlemx@feedburner.com,Pontiac,Firefly,1986.0,16701.0
35,Finley,Vagges,fvaggesy@pinterest.com,Ford,Thunderbird,1992.0,48567.0
36,Kenny,Pagin,kpaginz@smugmug.com,Ford,F-Series,1989.0,76169.0
37,Berti,Mergue,bmergue10@mit.edu,Isuzu,Trooper,1998.0,64681.0
38,Lancelot,Labbey,llabbey11@census.gov,Ford,Fusion,2009.0,73099.0
39,Carree,Elldred,celldred12@tripod.com,BMW,"7 Series",2002.0,27543.0
41,Langsdon,Eisak,leisak14@bravesites.com,Chrysler,300,2010.0,66125.0
42,Emylee,Paragreen,eparagreen15@npr.org,Mercury,Capri,1993.0,88643.0
43,Inglebert,Meechan,imeechan16@statcounter.com,Nissan,Pathfinder,1999.0,46638.0
44,Eleanora,Plester,eplester17@istockphoto.com,Toyota,Matrix,2006.0,95335.0
45,Delores,Repper,drepper18@list-manage.com,Subaru,"Impreza WRX",2010.0,46805.0
46,Chad,McKellen,cmckellen19@vinaora.com,"Land Rover",LR3,2005.0,27800.0
47,Lodovico,Stancer,lstancer1a@google.pl,Mitsubishi,Starion,1985.0,25575.0
48,Diannne,Visco,dvisco1b@bloglines.com,Volkswagen,Quantum,1984.0,8313.0
49,Anna-diane,Eastwood,aeastwood1c@time.com,Mercedes-Benz,SL-Class,1996.0,44705.0
50,Joelynn,Allans,jallans1d@census.gov,Mercury,Capri,1986.0,28900.0
51,Andre,Sickert,asickert1e@networksolutions.com,Ford,Escort,1998.0,48887.0
52,Briant,McClancy,bmcclancy1f@reuters.com,Porsche,911,1986.0,84201.0
53,Petra,Dodle,pdodle1g@utexas.edu,Dodge,"Dakota Club",1994.0,76007.0
54,Pierce,Chadband,pchadband1h@google.nl,Acura,Vigor,1993.0,86520.0
55,Sharai,Casini,scasini1i@smh.com.au,Mazda,MX-6,1997.0,9047.0
56,Thurstan,Lockhart,tlockhart1j@merriam-webster.com,Chevrolet,"Silverado 3500",2006.0,41218.0
57,Augustus,Dignall,adignall1k@devhub.com,Ford,F250,2001.0,48684.0
58,Liana,Goulding,lgoulding1l@jigsy.com,Buick,Skylark,1993.0,70952.0
59,Sharai,Vasilyevski,svasilyevski1m@google.es,Mercedes-Benz,M-Class,2002.0,23746.0
60,Ardelis,Nestoruk,anestoruk1n@topsy.com,Chevrolet,2500,1995.0,43860.0
61,Gerrie,Kubica,gkubica1o@pbs.org,Toyota,Solara,1999.0,37807.0
62,Doralynne,"de Glanville",ddeglanville1p@ning.com,Volkswagen,Jetta,1993.0,81484.0
63,Parry,Bridgewood,pbridgewood1q@edublogs.org,Volkswagen,Passat,1999.0,98194.0
64,Corrina,Crichmer,ccrichmer1r@gizmodo.com,GMC,"Rally Wagon 1500",1992.0,5005.0
65,Tuckie,Buswell,tbuswell1s@bandcamp.com,Buick,Terraza,2006.0,48210.0
66,Maury,Burgher,mburgher1t@usnews.com,Nissan,Altima,2002.0,8938.0
67,Nat,Jeffray,njeffray1u@huffingtonpost.com,Buick,Century,2000.0,44057.0
68,Craggie,Sprankling,csprankling1v@photobucket.com,Pontiac,Bonneville,1998.0,86813.0
69,Muriel,Dundredge,mdundredge1w@twitter.com,Citroen,SRX,2012.0,49824.0
70,Lucienne,Lever,llever1x@myspace.com,Toyota,Highlander,2012.0,37634.0
71,Berry,Bramstom,bbramstom1y@posterous.com,Audi,TT,2008.0,84190.0
72,Brandea,Gorner,bgorner1z@rediff.com,Kia,Sportage,2008.0,43946.0
73,Jodee,Boule,jboule20@wired.com,Subaru,"Alcyone SVX",1996.0,4676.0
74,Lindsy,Flawn,lflawn21@msn.com,Acura,Integra,1996.0,34519.0
75,Denna,MacAvaddy,dmacavaddy22@4shared.com,Chevrolet,Corvette,1997.0,55196.0
76,Ranique,Lampe,rlampe23@bloglovin.com,Acura,TL,2004.0,90746.0
77,Ingaberg,Kiddy,ikiddy24@washingtonpost.com,Ford,"Five Hundred",2006.0,56829.0
78,Bryan,Silly,bsilly25@trellian.com,Chevrolet,"Monte Carlo",1999.0,43449.0
79,Carmelita,Elecum,celecum26@mac.com,Suzuki,SJ,1987.0,29653.0
80,Alain,Caro,acaro27@craigslist.org,Chevrolet,"G-Series 1500",1997.0,86150.0
81,Camille,Canfield,ccanfield28@mashable.com,Toyota,4Runner,2003.0,20829.0
82,Trixi,Waby,twaby29@nsw.gov.au,Ford,Taurus,2003.0,96865.0
83,Harwilll,Lias,hlias2a@photobucket.com,Ford,Expedition,2001.0,54343.0
84,Burk,Taffe,btaffe2b@nhs.uk,Toyota,Tacoma,1998.0,16486.0
85,Ranique,Platfoot,rplatfoot2c@canalblog.com,Saab,9-5,2001.0,52787.0
86,Collin,Surcombe,csurcombe2d@dion.ne.jp,Honda,Civic,2011.0,52051.0
87,Aurelie,McDirmid,amcdirmid2e@hc360.com,Volkswagen,Passat,1985.0,6308.0
88,Kevon,Gilbride,kgilbride2f@jiathis.com,Ferrari,California,2009.0,82537.0
89,Ennis,"O'Rodane",eorodane2g@stumbleupon.com,Rolls-Royce,Phantom,2009.0,66325.0
90,Mel,Clapham,mclapham2h@biglobe.ne.jp,GMC,Jimmy,2001.0,45088.0
91,Margy,Coots,mcoots2i@i2i.jp,Ford,Laser,1984.0,58109.0
92,Deloris,Hassall,dhassall2j@uiuc.edu,Subaru,Tribeca,2009.0,42560.0
93,Hildy,Scade,hscade2k@exblog.jp,Mazda,MX-5,1998.0,65729.0
94,Corrianne,Brockest,cbrockest2l@dion.ne.jp,Mazda,"Mazdaspeed 3",2012.0,38575.0
95,Staci,Peacher,speacher2m@wix.com,Pontiac,GTO,1965.0,97146.0
96,Madelyn,Barff,mbarff2n@hibu.com,Chevrolet,"Suburban 2500",2004.0,22930.0
97,Uriah,McTerlagh,umcterlagh2o@japanpost.jp,Hummer,H2,2005.0,36231.0
98,Gusty,Petr,gpetr2p@stumbleupon.com,Ford,Thunderbird,2005.0,88134.0
101,Bess,Brocks,bbrocks2s@usatoday.com,Buick,Riviera,1987.0,82822.0
102,Madelina,Trubshawe,mtrubshawe2t@ocn.ne.jp,Mercedes-Benz,"SLR McLaren",2006.0,87645.0
103,Taddeusz,Cours,tcours2u@istockphoto.com,Dodge,Stratus,2003.0,53803.0
104,Alair,"De Normanville",adenormanville2v@plala.or.jp,Honda,S2000,2006.0,73156.0
106,Emory,Tripcony,etripcony2x@buzzfeed.com,Mercedes-Benz,S-Class,1984.0,52053.0
107,Lynn,Blanch,lblanch2y@google.com.br,"Land Rover",Discovery,2012.0,38012.0
108,Stearne,Durno,sdurno2z@pagesperso-orange.fr,Chevrolet,"Express 2500",2010.0,89081.0
109,Rhoda,Hatch,rhatch30@facebook.com,Lincoln,MKZ,2007.0,5358.0
110,Elyse,Duferie,eduferie31@unc.edu,GMC,Envoy,2007.0,39719.0
111,Drake,Leggett,dleggett32@marketwatch.com,BMW,Z3,1997.0,55966.0
112,Kiel,Aubrey,kaubrey33@aol.com,BMW,"1 Series",2008.0,14151.0
113,Elsinore,Neil,eneil34@washingtonpost.com,Infiniti,QX,1998.0,3226.0
114,Isidro,Suckling,isuckling35@microsoft.com,Mitsubishi,Lancer,2001.0,8187.0
115,Brietta,Jephcott,bjephcott36@craigslist.org,Ford,F-Series,1985.0,32214.0
116,Cornelia,Geharke,cgeharke37@aboutads.info,Nissan,200SX,1998.0,39036.0
117,Dani,Way,dway38@xinhuanet.com,Pontiac,"Grand Prix",1977.0,33773.0
118,Ardyth,Faircley,afaircley39@mysql.com,Nissan,Armada,2012.0,30769.0
119,Merola,Mathelin,mmathelin3a@ycombinator.com,Isuzu,"Hombre Space",1998.0,73574.0
120,Almeta,Kolakowski,akolakowski3b@dmoz.org,Chevrolet,Corvette,1994.0,55208.0
121,Teodor,Nichols,tnichols3c@jiathis.com,Ford,Probe,1994.0,66669.0
122,Gery,Farrand,gfarrand3d@hostgator.com,Volvo,S60,2005.0,85647.0
123,Ursuline,Schankelborg,uschankelborg3e@ibm.com,Buick,LeSabre,1987.0,44575.0
124,Clyde,Deas,cdeas3f@shareasale.com,GMC,"Yukon XL 1500",2004.0,65201.0
125,Martie,Lindroos,mlindroos3g@nih.gov,Toyota,Tundra,2005.0,27937.0
126,Derrick,Parade,dparade3h@simplemachines.org,Buick,Century,1985.0,12783.0
127,Keelby,Pareman,kpareman3i@wix.com,Dodge,Durango,2003.0,49716.0
128,Chen,Solly,csolly3j@ucsd.edu,Ford,F150,1996.0,60570.0
129,Enrichetta,Arstingall,earstingall3k@altervista.org,Maserati,Spyder,1990.0,67289.0
130,Maris,"O'Shavlan",moshavlan3l@vistaprint.com,BMW,"5 Series",1995.0,19353.0
131,Cloris,Beddingham,cbeddingham3m@sina.com.cn,Lotus,Elise,2004.0,72254.0
132,Archy,Senton,asenton3n@360.cn,Mitsubishi,Eclipse,1993.0,2829.0
133,Minta,Krzyzaniak,mkrzyzaniak3o@seesaa.net,Chevrolet,"Sportvan G30",1993.0,91173.0
134,Shepard,Pack,spack3p@fastcompany.com,Mercedes-Benz,GL-Class,2007.0,4700.0
135,Brooke,Steele,bsteele3q@vimeo.com,Ford,F150,2010.0,50358.0
136,Jamil,Thandi,jthandi3r@google.com.hk,Lincoln,LS,2002.0,1802.0
137,Tess,Kochl,tkochl3s@google.cn,Isuzu,"Rodeo Sport",2002.0,73540.0
138,Mattheus,Doret,mdoret3t@google.com,Dodge,"Ram Van 2500",2003.0,8667.0
139,Wilmette,Vellender,wvellender3u@constantcontact.com,Pontiac,"Grand Am",2004.0,10105.0
140,Michael,Smallpiece,msmallpiece3v@over-blog.com,Kia,Sportage,2002.0,84773.0
141,Ira,Westwell,iwestwell3w@cdc.gov,Suzuki,Esteem,1999.0,20790.0
142,Mariette,Vamplers,mvamplers3x@samsung.com,Buick,Regal,2004.0,35116.0
143,Madeleine,Stryde,mstryde3y@usda.gov,Subaru,Legacy,2009.0,36598.0
144,Grantley,Merrison,gmerrison3z@google.pl,MINI,Clubman,2009.0,81206.0
145,Merridie,Seckington,mseckington40@skype.com,Mercedes-Benz,SL-Class,2005.0,69006.0
146,Terrance,Khrishtafovich,tkhrishtafovich41@ebay.com,Mercedes-Benz,CL-Class,2000.0,99536.0
147,Maribelle,Romans,mromans42@ning.com,Toyota,"Camry Solara",2006.0,91372.0
148,Price,Biffen,pbiffen43@pcworld.com,Mazda,Mazda6,2006.0,83050.0
149,Juline,Gregr,jgregr44@about.me,BMW,"3 Series",2009.0,55953.0
150,Lindsy,Murney,lmurney45@cam.ac.uk,Jeep,Liberty,2004.0,9631.0
151,Miriam,Rawle,mrawle46@yale.edu,Smart,Fortwo,2010.0,23823.0
152,Reinald,Kinnar,rkinnar47@istockphoto.com,Ford,Expedition,2003.0,74433.0
153,Lynna,Chillingworth,lchillingworth48@webmd.com,Dodge,Durango,2008.0,22422.0
154,Ina,Tinklin,itinklin49@sbwire.com,Suzuki,"Grand Vitara",2007.0,46951.0
155,Welby,Klemke,wklemke4a@alibaba.com,Chevrolet,Aveo,2009.0,46239.0
156,Koenraad,Manzell,kmanzell4b@godaddy.com,Chevrolet,Lumina,1995.0,99719.0
157,Desiree,Rosina,drosina4c@theglobeandmail.com,Hyundai,Tucson,2007.0,1617.0
158,Gussy,Birds,gbirds4d@themeforest.net,Volvo,S80,2001.0,83118.0
159,Tamra,"Du Plantier",tduplantier4e@hc360.com,Rolls-Royce,Phantom,2011.0,92043.0
160,Sheree,Whalebelly,swhalebelly4f@etsy.com,Ford,Explorer,1996.0,7610.0
161,Chery,Olligan,colligan4g@nationalgeographic.com,Volkswagen,Jetta,2002.0,30758.0
162,Samuel,Cardenas,scardenas4h@moonfruit.com,Saturn,S-Series,2002.0,5903.0
163,Gabriele,Petworth,gpetworth4i@engadget.com,Jaguar,XJ,2006.0,1854.0
164,Alethea,Riccardelli,ariccardelli4j@goodreads.com,Ford,Ranger,1987.0,2446.0
165,Rochell,Tompkins,rtompkins4k@mysql.com,MINI,Clubman,2010.0,77078.0
166,Erda,Pallin,epallin4l@shareasale.com,Audi,S4,2011.0,63980.0
167,Morlee,Bootell,mbootell4m@spotify.com,Volkswagen,R32,2009.0,94961.0
168,Georgiana,Pancoust,gpancoust4n@bbb.org,Mercedes-Benz,CL-Class,2007.0,38138.0
169,Kit,Sangster,ksangster4o@nsw.gov.au,Toyota,Tercel,1994.0,30259.0
170,Jamill,Ashwin,jashwin4p@unicef.org,Mercedes-Benz,W201,1989.0,66795.0
171,Inglebert,Beardsdale,ibeardsdale4q@statcounter.com,Daewoo,Lanos,2001.0,61233.0
172,Clara,Binning,cbinning4r@nifty.com,Lexus,LS,1995.0,38434.0
173,Evaleen,Drewell,edrewell4s@ucsd.edu,Volkswagen,Touareg,2009.0,38387.0
174,Ilka,Rielly,irielly4t@xinhuanet.com,Honda,CR-V,2007.0,86820.0
175,Si,Petrussi,spetrussi4u@netlog.com,Mercedes-Benz,SL-Class,2007.0,54105.0
176,Allegra,Doyland,adoyland4v@chron.com,Ford,F250,2002.0,58447.0
177,Maddie,McGilvray,mmcgilvray4w@xrea.com,Acura,RSX,2004.0,70084.0
178,Anna,Dahlbom,adahlbom4x@nasa.gov,Lincoln,"Town Car",1992.0,74741.0
179,Edward,Jedras,ejedras4y@paginegialle.it,Ford,"Crown Victoria",2009.0,59401.0
180,Hedvige,Burnand,hburnand4z@nyu.edu,Lincoln,Continental,1988.0,8358.0
181,Juliette,Atkin,jatkin50@si.edu,Jeep,Commander,2009.0,93093.0
182,Kerby,Cattemull,kcattemull51@netscape.com,Ford,"Crown Victoria",2007.0,30102.0
183,Pippo,"Mc Kellen",pmckellen52@slate.com,Suzuki,"Daewoo Lacetti",2005.0,48486.0
184,Tommie,Brasse,tbrasse53@cargocollective.com,Suzuki,Sidekick,1994.0,98921.0
185,Gunilla,McLardie,gmclardie54@bizjournals.com,Dodge,Durango,2006.0,5987.0
186,Siegfried,Olesen,solesen55@freewebs.com,Lincoln,"Town Car",2009.0,30958.0
187,Burr,Quigg,bquigg56@bbc.co.uk,Citroen,"Sixty Special",1993.0,39942.0
188,Merill,Maydway,mmaydway57@accuweather.com,Jeep,Compass,2009.0,98362.0
189,Fawn,Turrell,fturrell58@discuz.net,Ford,Escape,2001.0,5700.0
190,Steven,Stock,sstock59@pinterest.com,Kia,Rio,2011.0,43174.0
191,Harmonia,Mapplethorpe,hmapplethorpe5a@mysql.com,BMW,645,2005.0,2107.0
192,Pierson,Spire,pspire5b@gnu.org,Ford,"Econoline E150",2001.0,60368.0
193,Annetta,Bread,abread5c@msu.edu,Plymouth,Neon,1996.0,39592.0
194,Dionis,Tromans,dtromans5d@uiuc.edu,Audi,A8,2004.0,13883.0
195,See,Olivari,solivari5e@independent.co.uk,Mitsubishi,"Mighty Max",1992.0,40115.0
196,Vassili,Goaley,vgoaley5f@mozilla.com,Honda,Accord,2009.0,9284.0
197,Parke,Whittock,pwhittock5g@newsvine.com,Mazda,MX-3,1995.0,15877.0
198,Jacquetta,Bugden,jbugden5h@linkedin.com,Kia,Spectra,2000.0,68036.0
199,Sybil,Pilipyak,spilipyak5i@nbcnews.com,Volvo,V90,1997.0,63345.0
200,Cherise,Wythill,cwythill5j@state.gov,Mercury,"Grand Marquis",1992.0,86505.0
201,Gregorio,Pankettman,gpankettman5k@sbwire.com,Mazda,MX-5,1993.0,71725.0
202,Cole,Puckett,cpuckett5l@canalblog.com,Nissan,NX,1992.0,53872.0
203,Marcelline,Tutchener,mtutchener5m@go.com,BMW,330,2005.0,86455.0
204,Annabell,Ragge,aragge5n@ihg.com,Plymouth,Voyager,1998.0,53481.0
205,Huey,Rycraft,hrycraft5o@archive.org,Ford,Festiva,1989.0,73669.0
206,Milli,Dinse,mdinse5p@printfriendly.com,Honda,Odyssey,2003.0,95610.0
207,Dyan,Kezar,dkezar5q@go.com,Ford,F-Series,1995.0,82557.0
208,Orion,Iacopetti,oiacopetti5r@twitpic.com,Bentley,"Continental Flying Spur",2006.0,2878.0
209,Naoma,Flintoffe,nflintoffe5s@ftc.gov,Mercedes-Benz,S-Class,2011.0,94366.0
210,Maggie,Tuiller,mtuiller5t@blogspot.com,Volvo,XC70,2009.0,94548.0
211,Lynna,Mapstone,lmapstone5u@sakura.ne.jp,Hyundai,Sonata,2005.0,10290.0
212,Dud,Swiffin,dswiffin5v@ed.gov,Jeep,Wrangler,1999.0,19273.0
213,Yance,Dilrew,ydilrew5w@bbb.org,Audi,5000S,1987.0,87554.0
214,Kristel,Bozier,kbozier5x@delicious.com,Buick,LeSabre,1988.0,85605.0
215,Lisette,Marian,lmarian5y@mac.com,Lotus,Elan,1992.0,43456.0
216,Codi,Obal,cobal5z@phpbb.com,GMC,Canyon,2005.0,44323.0
217,Nilson,Kivell,nkivell60@github.com,GMC,"Sierra 2500",2005.0,67152.0
218,Zebadiah,Waggatt,zwaggatt61@instagram.com,Chevrolet,Express,2007.0,37884.0
219,Carter,Arnow,carnow62@pen.io,Chevrolet,Malibu,1998.0,96192.0
220,Goldina,Wrightem,gwrightem63@dailymotion.com,Nissan,Pathfinder,2000.0,74854.0
221,Malva,Marlor,mmarlor64@prweb.com,Lincoln,Blackwood,2003.0,44033.0
222,Marji,Proughten,mproughten65@ftc.gov,Ford,Explorer,2006.0,10887.0
223,Jonathan,Bindley,jbindley66@vkontakte.ru,Nissan,Frontier,2003.0,11114.0
224,Ruperto,Lenney,rlenney67@princeton.edu,Mitsubishi,Challenger,1998.0,66355.0
225,Herrick,Hazlehurst,hhazlehurst68@scribd.com,Mercedes-Benz,300E,1993.0,95249.0
226,Curcio,Sondon,csondon69@mayoclinic.com,Citroen,"Escalade EXT",2004.0,70761.0
227,Serene,"Van der Kruis",svanderkruis6a@hubpages.com,Lamborghini,Gallardo,2011.0,70709.0
228,Roxine,Moger,rmoger6b@whitehouse.gov,Ford,E250,2007.0,64922.0
229,Kerrin,Hallbord,khallbord6c@washington.edu,"Land Rover",Discovery,2000.0,28230.0
230,Bari,Lockyear,blockyear6d@eepurl.com,Pontiac,Firefly,1992.0,40021.0
231,Kerrill,Pinchen,kpinchen6e@hc360.com,BMW,M3,2010.0,77549.0
232,Arlette,Stangoe,astangoe6f@bbc.co.uk,Chevrolet,"Silverado 1500",2007.0,37465.0
233,Donal,Maybury,dmaybury6g@trellian.com,Ford,Windstar,2000.0,82462.0
234,Sarge,Thunderman,sthunderman6h@sun.com,GMC,"Savana 1500",2007.0,27610.0
235,Codie,Hatrick,chatrick6i@github.io,Chevrolet,"Express 1500",2008.0,44771.0
236,Piotr,Schnitter,pschnitter6j@globo.com,Chevrolet,Tahoe,2000.0,97053.0
237,Darrin,Whiskerd,dwhiskerd6k@smh.com.au,GMC,Sonoma,1994.0,69225.0
238,Clair,Jaan,cjaan6l@e-recht24.de,Lexus,"IS F",2010.0,19541.0
239,Ivan,Menichi,imenichi6m@ucoz.com,Mitsubishi,Precis,1994.0,88965.0
240,Matelda,Tuckwood,mtuckwood6n@com.com,Suzuki,Reno,2005.0,29464.0
241,Pierre,Kassel,pkassel6o@artisteer.com,Chevrolet,"Silverado 2500",2006.0,11098.0
242,Dorie,Gooke,dgooke6p@discuz.net,Mitsubishi,RVR,1995.0,95897.0
243,Osbert,Preble,opreble6q@paypal.com,Chevrolet,"Silverado 1500",2008.0,47671.0
244,Myrtice,Godfree,mgodfree6r@walmart.com,Pontiac,Firebird,1992.0,91310.0
245,Delmar,Prattington,dprattington6s@imgur.com,Ford,F250,2001.0,26712.0
246,Ravi,Djurdjevic,rdjurdjevic6t@goo.gl,Mercury,Cougar,2000.0,35001.0
247,Fabiano,Gallaccio,fgallaccio6u@google.ru,Plymouth,Breeze,1998.0,60766.0
248,Drew,Crosdill,dcrosdill6v@intel.com,Jeep,Cherokee,1997.0,67713.0
249,Margalit,Simko,msimko6w@bing.com,Jeep,Liberty,2008.0,22011.0
250,Danya,Dingate,ddingate6x@irs.gov,Chevrolet,"Cobalt SS",2008.0,95150.0
251,Mercie,Couvet,mcouvet6y@issuu.com,Nissan,Sentra,1998.0,98152.0
252,Ewan,Reyson,ereyson6z@nih.gov,Honda,Fit,2008.0,33390.0
253,John,Millom,jmillom70@hubpages.com,Chevrolet,"Suburban 2500",1994.0,52990.0
254,Padraic,Fergie,pfergie71@omniture.com,BMW,"5 Series",1998.0,4702.0
255,Evan,Skerm,eskerm72@cargocollective.com,Ford,"Econoline E250",1997.0,8249.0
256,Ellene,Zuenelli,ezuenelli73@npr.org,Bentley,Continental,2011.0,60382.0
257,Milka,Jonas,mjonas74@etsy.com,Porsche,Cayenne,2011.0,97431.0
258,Boycey,Lillo,blillo75@discovery.com,Dodge,"Ram 2500",1999.0,14555.0
259,Staci,Dutch,sdutch76@jimdo.com,Chevrolet,2500,1999.0,25282.0
260,Cristian,Scutter,cscutter77@booking.com,Dodge,Challenger,2010.0,61723.0
261,Marlo,Jonin,mjonin78@hatena.ne.jp,Lexus,ES,1991.0,86972.0
262,Salomo,McOrkill,smcorkill79@sitemeter.com,Dodge,Charger,2011.0,93456.0
263,Korrie,Rickell,krickell7a@twitter.com,Mazda,MX-6,1995.0,78346.0
264,Cornall,Mandry,cmandry7b@drupal.org,Mazda,Mazda3,2004.0,47024.0
265,Catharina,Kibbe,ckibbe7c@twitpic.com,Ford,Fusion,2010.0,82653.0
266,Jobie,"Le Merchant",jlemerchant7d@usa.gov,Mitsubishi,Pajero,1988.0,66739.0
267,Mathilda,Perham,mperham7e@imdb.com,Buick,Regal,2000.0,53965.0
268,Kerwinn,Beverley,kbeverley7f@whitehouse.gov,Mercedes-Benz,M-Class,2005.0,22159.0
269,Gregorius,Cleife,gcleife7g@istockphoto.com,Volvo,S60,2006.0,70988.0
270,Darsey,Bremeyer,dbremeyer7h@shareasale.com,GMC,Yukon,2002.0,38794.0
271,Reggie,Laughnan,rlaughnan7i@geocities.jp,Lincoln,Navigator,1999.0,68589.0
272,Anya,Chasteau,achasteau7j@jimdo.com,Subaru,Forester,2012.0,96098.0
273,Andrei,Curnnok,acurnnok7k@over-blog.com,BMW,525,2005.0,19962.0
274,Lezlie,Shillaber,lshillaber7l@reverbnation.com,Chevrolet,Corvette,1988.0,19641.0
275,Edee,Mucklow,emucklow7m@nifty.com,Pontiac,Vibe,2007.0,6027.0
276,Natty,Haddrell,nhaddrell7n@wired.com,Audi,Cabriolet,1994.0,35472.0
277,Whitby,Danser,wdanser7o@comcast.net,Chevrolet,Impala,2010.0,34999.0
278,Maura,Thraves,mthraves7p@wordpress.org,"Land Rover","Range Rover",1988.0,55986.0
279,Christel,Blodgett,cblodgett7q@icio.us,Ford,F150,1999.0,42502.0
280,Gherardo,Riseborough,griseborough7r@topsy.com,Pontiac,Firefly,1988.0,15831.0
281,Haydon,Mailey,hmailey7s@sun.com,Mercedes-Benz,Sprinter,2011.0,84712.0
282,Jerrine,Mulran,jmulran7t@ihg.com,Dodge,Ram,2008.0,93898.0
283,Bobbye,Scandrett,bscandrett7u@dedecms.com,Ferrari,California,2010.0,72702.0
284,Harrie,Cuncarr,hcuncarr7v@webnode.com,Ford,Mustang,2005.0,70695.0
285,Odessa,Spensly,ospensly7w@buzzfeed.com,Maybach,62,2007.0,9912.0
286,Huntington,Fentem,hfentem7x@pinterest.com,Porsche,Boxster,2002.0,80422.0
287,Ibrahim,Kiehne,ikiehne7y@wp.com,Ford,"Crown Victoria",2002.0,64588.0
288,Samuel,Andreichik,sandreichik7z@privacy.gov.au,Lexus,"IS F",2010.0,26846.0
289,Patrick,Apedaile,papedaile80@sina.com.cn,Honda,"Civic GX",2003.0,79576.0
290,Rodge,Barrowcliff,rbarrowcliff81@ifeng.com,Mercedes-Benz,SL-Class,1991.0,99094.0
291,Laverne,Matten,lmatten82@sitemeter.com,Chevrolet,Beretta,1994.0,58706.0
292,Finlay,Timeby,ftimeby83@yahoo.co.jp,Subaru,Loyale,1991.0,55120.0
293,Ulysses,Annes,uannes84@lycos.com,Lamborghini,Diablo,2000.0,43910.0
294,Alwyn,Durdle,adurdle85@elpais.com,Ford,Mustang,2004.0,43585.0
295,Gery,Norvill,gnorvill86@geocities.com,Nissan,Quest,2007.0,18976.0
296,Ainsley,"De la Barre",adelabarre87@go.com,Buick,Riviera,1995.0,70512.0
297,Natasha,Devonald,ndevonald88@admin.ch,Audi,riolet,1995.0,61075.0
298,Doralynn,Virr,dvirr89@livejournal.com,Chevrolet,Traverse,2010.0,67301.0
299,Worth,Hanvey,whanvey8a@macromedia.com,Hummer,H1,1998.0,57066.0
300,Geno,McSkin,gmcskin8b@uol.com.br,Chevrolet,"Caprice Classic",1994.0,64067.0
301,Jonathan,Springell,jspringell8c@icio.us,Maybach,62,2003.0,65457.0
302,Peder,Gobbet,pgobbet8d@mit.edu,Toyota,MR2,1986.0,59992.0
303,Oralla,Cribbin,ocribbin8e@auda.org.au,Maserati,Quattroporte,2011.0,23028.0
304,Robinet,Premble,rpremble8f@wikispaces.com,Ford,Escape,2001.0,73520.0
305,Bary,Kain,bkain8g@scribd.com,Mercury,Monterey,2006.0,79131.0
306,Dmitri,Maskall,dmaskall8h@indiatimes.com,Volkswagen,CC,2011.0,53458.0
307,Bentley,Klaes,bklaes8i@wix.com,Mercury,Villager,1995.0,36059.0
308,Westley,Grigoriev,wgrigoriev8j@unicef.org,Nissan,Sentra,2005.0,90065.0
309,Giorgio,Dutnall,gdutnall8k@diigo.com,BMW,"Z4 M",2009.0,44042.0
310,Lindsey,Firpo,lfirpo8l@sciencedaily.com,Pontiac,6000,1990.0,31209.0
311,Reggis,Kelshaw,rkelshaw8m@cisco.com,Mitsubishi,Diamante,2001.0,96218.0
312,Cammi,Potkin,cpotkin8n@chronoengine.com,Mercedes-Benz,M-Class,1998.0,52603.0
313,Thelma,Brimham,tbrimham8o@rambler.ru,Subaru,Impreza,2012.0,24299.0
314,Alida,Galego,agalego8p@google.fr,Mazda,B-Series,1999.0,89245.0
315,Cecilius,Teale,cteale8q@github.io,Dodge,Dakota,2004.0,19320.0
316,Damiano,Misson,dmisson8r@quantcast.com,Mercedes-Benz,C-Class,2007.0,6027.0
317,Yves,Kuna,ykuna8s@cpanel.net,BMW,"7 Series",1997.0,59094.0
318,Anatol,Ross,aross8t@woothemes.com,Mercedes-Benz,CL-Class,1998.0,1148.0
319,Tremain,Danaher,tdanaher8u@yahoo.com,GMC,Yukon,2008.0,55939.0
320,Janene,Waggatt,jwaggatt8v@examiner.com,Volkswagen,Passat,1988.0,94659.0
321,Templeton,Cottisford,tcottisford8w@zimbio.com,Oldsmobile,"Cutlass Supreme",1994.0,88088.0
322,Josepha,Mattielli,jmattielli8x@webeden.co.uk,Mitsubishi,Pajero,2006.0,45154.0
323,Ann-marie,Curgenuer,acurgenuer8y@posterous.com,Mitsubishi,Eclipse,1989.0,25733.0
324,Noelyn,Deeprose,ndeeprose8z@usatoday.com,Hyundai,Sonata,1997.0,36475.0
325,Toddy,Bosenworth,tbosenworth90@goodreads.com,Subaru,Legacy,1997.0,17226.0
326,Farrell,Twinbourne,ftwinbourne91@blogs.com,Honda,"FCX Clarity",2012.0,76502.0
327,Osmond,Arnatt,oarnatt92@cbc.ca,Maybach,57,2004.0,94551.0
328,Donnie,Gadaud,dgadaud93@nih.gov,Porsche,911,1997.0,46381.0
329,Toby,Dugald,tdugald94@jugem.jp,GMC,Sonoma,2000.0,28593.0
330,Bank,Ledur,bledur95@earthlink.net,Honda,Fit,2009.0,7323.0
331,Hans,Feechum,hfeechum96@woothemes.com,Pontiac,Montana,2003.0,91259.0
332,Kathe,Latty,klatty97@va.gov,Audi,S6,2002.0,96042.0
333,Say,Heifer,sheifer98@dropbox.com,Pontiac,"Grand Prix",1977.0,13114.0
334,Tait,Myles,tmyles99@usda.gov,Volvo,C30,2011.0,57439.0
335,Culley,MacMechan,cmacmechan9a@google.com.br,GMC,Yukon,2001.0,9791.0
336,Maurits,Sedgwick,msedgwick9b@mozilla.org,Pontiac,"Trans Sport",1999.0,29276.0
337,Lou,Lineker,llineker9c@cloudflare.com,"Aston Martin","V8 Vantage",2008.0,87854.0
338,Bessie,Januszkiewicz,bjanuszkiewicz9d@yale.edu,Dodge,Stratus,1997.0,51149.0
339,Kaylee,Corssen,kcorssen9e@wunderground.com,Infiniti,QX56,2009.0,15833.0
340,Tymon,McCallister,tmccallister9f@ifeng.com,Lexus,ES,1991.0,21699.0
341,Kacey,Siebert,ksiebert9g@sfgate.com,Nissan,Maxima,2007.0,10050.0
342,Gardy,Stilgoe,gstilgoe9h@guardian.co.uk,Mercury,Cougar,1997.0,34984.0
343,Gustavus,Walls,gwalls9i@homestead.com,Maybach,62,2010.0,64895.0
344,Celestina,Cowdry,ccowdry9j@1und1.de,Hummer,H2,2008.0,13551.0
345,Donetta,Millan,dmillan9k@cnbc.com,Volkswagen,"New Beetle",1999.0,63509.0
346,Eilis,Mitton,emitton9l@statcounter.com,Pontiac,Torrent,2008.0,56215.0
347,Lu,Harriot,lharriot9m@yellowbook.com,Jeep,Liberty,2009.0,8719.0
348,Chrissy,Beaton,cbeaton9n@miitbeian.gov.cn,Daewoo,Leganza,2000.0,57434.0
349,Brandon,Kesby,bkesby9o@ask.com,Lotus,Esprit,2002.0,6762.0
350,Cati,Widocks,cwidocks9p@ocn.ne.jp,Mitsubishi,Cordia,1988.0,99282.0
351,Zared,"O'Hengerty",zohengerty9q@pagesperso-orange.fr,"Land Rover",LR3,2005.0,62901.0
352,Jefferey,Lopes,jlopes9r@oracle.com,Volvo,S60,2002.0,51635.0
353,Leupold,Pettifer,lpettifer9s@rakuten.co.jp,Ford,F150,1995.0,55460.0
354,Jayson,Fullerlove,jfullerlove9t@youtube.com,Honda,Odyssey,2007.0,99212.0
355,Oralle,Harron,oharron9u@devhub.com,Mitsubishi,L300,1990.0,60501.0
356,Kele,McSparran,kmcsparran9v@nydailynews.com,Chrysler,Cirrus,1999.0,8896.0
357,Flora,Cowburn,fcowburn9w@infoseek.co.jp,Ford,F150,2001.0,16188.0
358,Boy,Newton,bnewton9x@networksolutions.com,Nissan,Pathfinder,1994.0,53993.0
359,Marylinda,Womack,mwomack9y@cbc.ca,Chevrolet,HHR,2011.0,75937.0
360,Lothaire,Meir,lmeir9z@cargocollective.com,Volkswagen,Jetta,1994.0,43840.0
361,Smith,Shields,sshieldsa0@etsy.com,Mazda,MX-5,1991.0,82765.0
362,Trescha,McCobb,tmccobba1@ft.com,Audi,S6,2002.0,25324.0
363,Eadith,Klulisek,ekluliseka2@nationalgeographic.com,Mercury,"Grand Marquis",2005.0,48130.0
364,Erie,Esselin,eesselina3@shutterfly.com,Mazda,RX-8,2010.0,83005.0
365,Ganny,Ropars,groparsa4@i2i.jp,Pontiac,Bonneville,1996.0,88614.0
366,Binky,Chable,bchablea5@unblog.fr,Toyota,Matrix,2006.0,75595.0
367,Kathi,Ingleby,kinglebya6@usda.gov,Toyota,"FJ Cruiser",2008.0,15529.0
368,Candide,Westnedge,cwestnedgea7@goodreads.com,Infiniti,I,2000.0,34535.0
369,Martguerita,Adamini,madaminia8@washingtonpost.com,Lexus,GS,2004.0,2262.0
370,Dene,Peppett,dpeppetta9@whitehouse.gov,Infiniti,M,2007.0,86676.0
371,Ambrosi,Haycroft,ahaycroftaa@deviantart.com,Toyota,Avalon,2006.0,18826.0
372,Matty,"de Glanville",mdeglanvilleab@shareasale.com,Ford,Thunderbird,1986.0,8725.0
373,Addie,Judgkins,ajudgkinsac@storify.com,Lincoln,Navigator,2001.0,89057.0
374,Stillmann,Figgins,sfigginsad@paginegialle.it,Kia,Sportage,2011.0,29650.0
375,Demetrius,"D'Ugo",ddugoae@ask.com,Nissan,Sentra,1999.0,46270.0
376,Anthia,Hofner,ahofneraf@networksolutions.com,Mazda,MX-5,1996.0,89368.0
377,Moria,Eyden,meydenag@hhs.gov,Chevrolet,"G-Series G30",1995.0,6000.0
378,Perice,Rockcliffe,prockcliffeah@chronoengine.com,Dodge,"Dakota Club",1992.0,35131.0
379,Waverly,Loxston,wloxstonai@oaic.gov.au,Acura,TL,2003.0,58174.0
380,Eugenie,Fontin,efontinaj@google.it,Chevrolet,Corvette,1968.0,17116.0
381,Lynnell,Pachmann,lpachmannak@sohu.com,Nissan,Maxima,1999.0,6312.0
382,Juanita,Beadel,jbeadelal@howstuffworks.com,Nissan,Murano,2005.0,1413.0
383,Lisabeth,McKie,lmckieam@infoseek.co.jp,Infiniti,QX56,2010.0,24317.0
384,Karlotte,Tarpey,ktarpeyan@ibm.com,Citroen,CTS,2011.0,72737.0
385,Karisa,Firpo,kfirpoao@europa.eu,Chevrolet,Aveo,2005.0,93424.0
386,Packston,Hoffner,phoffnerap@nps.gov,Mitsubishi,"Montero Sport",2003.0,31510.0
387,Shanan,Leavesley,sleavesleyaq@harvard.edu,Jaguar,"XJ Series",1992.0,60253.0
388,Johnette,Hew,jhewar@ox.ac.uk,Subaru,"Alcyone SVX",1995.0,58895.0
389,Friedrick,Bryning,fbryningas@ox.ac.uk,Chevrolet,"G-Series G30",1993.0,43497.0
390,Frasier,Eisikowitz,feisikowitzat@surveymonkey.com,Mazda,Familia,1988.0,49522.0
391,Ag,Poate,apoateau@liveinternet.ru,Chevrolet,Caprice,1992.0,74917.0
392,Lek,Marcos,lmarcosav@quantcast.com,Mercedes-Benz,SL-Class,2001.0,88807.0
393,Brooks,Buckam,bbuckamaw@shutterfly.com,GMC,"Vandura G2500",1995.0,54773.0
394,Ellary,Strasse,estrasseax@yahoo.co.jp,Mercury,Milan,2007.0,58565.0
395,Herminia,Cerith,hcerithay@taobao.com,Mazda,B-Series,2000.0,69813.0
396,Rad,Lemon,rlemonaz@arizona.edu,Mercedes-Benz,W201,1987.0,69187.0
397,Brigitta,Rawles,brawlesb0@marketwatch.com,Jeep,Cherokee,2000.0,95679.0
398,Garv,Habin,ghabinb1@twitpic.com,Pontiac,"Grand Prix",1968.0,72553.0
399,Fabio,Gasparro,fgasparrob2@moonfruit.com,Mitsubishi,Diamante,1994.0,31539.0
400,Michaeline,Antwis,mantwisb3@ucla.edu,Mercedes-Benz,E-Class,1997.0,7976.0
401,Dal,Fosdike,dfosdikeb4@deviantart.com,Nissan,300ZX,1996.0,53226.0
402,Winona,Robins,wrobinsb5@xrea.com,BMW,545,2005.0,21145.0
403,Natty,Yerby,nyerbyb6@cdbaby.com,Kia,Spectra5,2006.0,34647.0
404,Jobi,Woolston,jwoolstonb7@surveymonkey.com,Subaru,Leone,1989.0,52375.0
405,Penny,Tee,pteeb8@bloglovin.com,Mercedes-Benz,"Sprinter 3500",2012.0,89098.0
406,Herc,Fitzroy,hfitzroyb9@blogger.com,GMC,"Sierra 3500",2008.0,20246.0
407,Vera,Tezure,vtezureba@fastcompany.com,Dodge,"Ram 1500 Club",1999.0,15012.0
408,Brandon,Espin,bespinbb@gov.uk,Maserati,GranSport,2006.0,51953.0
409,Davidson,Ferdinand,dferdinandbc@illinois.edu,Dodge,"Ram Van B250",1994.0,23748.0
410,Siward,Pavlik,spavlikbd@wikimedia.org,Ford,Bronco,1991.0,67932.0
411,Timofei,Mogford,tmogfordbe@ustream.tv,Porsche,911,1998.0,79520.0
412,Anthea,Balsillie,abalsilliebf@1und1.de,Kia,Sorento,2009.0,51985.0
413,Abram,Kilgrew,akilgrewbg@paypal.com,Jeep,Wrangler,2002.0,42974.0
414,Hadrian,Shoebotham,hshoebothambh@who.int,Maybach,57,2010.0,84456.0
415,Catie,Silmon,csilmonbi@bloglovin.com,Plymouth,Acclaim,1993.0,29079.0
416,Abigail,Applewhaite,aapplewhaitebj@umich.edu,Mazda,"B-Series Plus",2002.0,75250.0
417,Jacqui,Hayen,jhayenbk@wired.com,Chevrolet,Blazer,2000.0,13160.0
418,Nealy,Manthorpe,nmanthorpebl@utexas.edu,Acura,NSX,2005.0,26412.0
419,Alfredo,Williams,awilliamsbm@rakuten.co.jp,MINI,Cooper,2009.0,50910.0
420,Orion,Boulde,obouldebn@miitbeian.gov.cn,Mitsubishi,Mirage,1990.0,39998.0
421,Lenard,Jeacock,ljeacockbo@google.nl,Bentley,Arnage,2005.0,86617.0
422,Norine,Rayment,nraymentbp@salon.com,Infiniti,EX,2012.0,47394.0
423,Talbert,Cianni,tciannibq@bloomberg.com,Dodge,"Ram 1500 Club",2001.0,46834.0
424,Madelina,Dunge,mdungebr@slideshare.net,Toyota,Corolla,1999.0,42423.0
425,Reagan,Gadie,rgadiebs@cornell.edu,Ford,"Model T",1909.0,57109.0
426,Marc,Glazier,mglazierbt@ucla.edu,Chevrolet,"Express 1500",1996.0,33588.0
427,Else,Heathcote,eheathcotebu@feedburner.com,Subaru,Forester,2003.0,92780.0
428,Bobby,Trathan,btrathanbv@oaic.gov.au,Ford,F250,2004.0,49776.0
429,Devondra,Blackett,dblackettbw@paypal.com,Chevrolet,S10,1993.0,95748.0
430,Birgit,Pietruschka,bpietruschkabx@mapquest.com,Pontiac,Sunbird,1988.0,74288.0
431,Gill,Nuss,gnussby@g.co,MINI,Cooper,2003.0,32197.0
432,Raynard,Beed,rbeedbz@latimes.com,Audi,Quattro,1985.0,59185.0
433,Mallorie,Lynn,mlynnc0@hhs.gov,Lamborghini,Countach,1986.0,95726.0
434,Blondelle,Ovitz,bovitzc1@dropbox.com,Infiniti,G35,2008.0,26933.0
435,Sherye,Dufer,sduferc2@desdev.cn,Volvo,XC90,2003.0,88372.0
436,Gusty,Lineker,glinekerc3@home.pl,Lexus,RX,2000.0,25472.0
437,Marcela,Braime,mbraimec4@google.es,Maserati,GranSport,2006.0,62536.0
438,Addy,Stock,astockc5@pinterest.com,Citroen,"Escalade ESV",2012.0,31174.0
439,Korry,Haggerty,khaggertyc6@scientificamerican.com,Mercedes-Benz,S-Class,1996.0,16444.0
440,Maggi,Stigger,mstiggerc7@sciencedirect.com,Mercedes-Benz,S-Class,1990.0,45953.0
441,Cinderella,Gewer,cgewerc8@weibo.com,BMW,M6,2007.0,95496.0
442,Rozanne,Billows,rbillowsc9@is.gd,Mercedes-Benz,500SEL,1992.0,30585.0
443,Garold,Gillebride,ggillebrideca@cbsnews.com,Mazda,"B-Series Plus",1994.0,8064.0
444,Marlane,Isaksson,misakssoncb@mozilla.org,Jaguar,S-Type,2001.0,78829.0
445,Marci,Songhurst,msonghurstcc@reverbnation.com,Chevrolet,"Suburban 2500",2011.0,20686.0
446,Carla,Clink,cclinkcd@latimes.com,Chevrolet,Venture,1999.0,90564.0
447,Huntley,Rawlins,hrawlinsce@house.gov,Toyota,Sequoia,2005.0,15717.0
448,Nester,Critchell,ncritchellcf@amazon.de,Volkswagen,Jetta,2002.0,11238.0
449,Nathalie,Brownstein,nbrownsteincg@baidu.com,Lexus,ES,2001.0,62628.0
450,Laina,Ferrero,lferreroch@cocolog-nifty.com,Porsche,911,2004.0,50474.0
451,Othella,Noden,onodenci@freewebs.com,Honda,CR-V,2009.0,93936.0
452,Dorisa,Pettko,dpettkocj@bloglovin.com,Honda,S2000,2000.0,22353.0
453,Jacklyn,Tremblet,jtrembletck@vimeo.com,Chevrolet,Aveo,2008.0,51529.0
454,Flory,Dilger,fdilgercl@time.com,Audi,Cabriolet,1994.0,57808.0
455,Chic,"Van Vuuren",cvanvuurencm@trellian.com,Toyota,MR2,1994.0,44609.0
456,Tallie,Orris,torriscn@qq.com,Maserati,GranTurismo,2009.0,81737.0
457,Kay,Yuille,kyuilleco@amazon.co.jp,Saab,900,1993.0,58817.0
458,Cayla,Melbert,cmelbertcp@free.fr,Nissan,Pathfinder,2011.0,22693.0
459,Raimundo,Holdey,rholdeycq@sciencedaily.com,Mitsubishi,Mirage,1995.0,20968.0
460,Archibold,Beamont,abeamontcr@whitehouse.gov,Mitsubishi,Mirage,1986.0,90745.0
461,Cindie,Sebring,csebringcs@amazon.co.uk,Maybach,57,2009.0,66164.0
462,Uta,Lente,ulentect@arstechnica.com,Hyundai,Tucson,2006.0,67595.0
463,Corty,Blakeley,cblakeleycu@csmonitor.com,Pontiac,Bonneville,2003.0,91465.0
464,Judah,Tummond,jtummondcv@angelfire.com,Audi,A6,2012.0,67810.0
465,Peirce,Barbisch,pbarbischcw@barnesandnoble.com,Chevrolet,"Monte Carlo",1996.0,86113.0
466,Camila,Elcum,celcumcx@techcrunch.com,Audi,"Coupe GT",1987.0,9929.0
467,Earl,Pickrell,epickrellcy@msn.com,Pontiac,GTO,2006.0,61329.0
468,Kalila,Grishkov,kgrishkovcz@weather.com,Ford,E-Series,1995.0,37244.0
469,Sydel,Greswell,sgreswelld0@goo.ne.jp,Mercedes-Benz,600SEC,1993.0,42105.0
470,Rudolph,Heathcoat,rheathcoatd1@weibo.com,Jeep,Compass,2009.0,52782.0
471,Melantha,Strachan,mstrachand2@twitpic.com,Volvo,C70,2002.0,62095.0
472,Gert,Morison,gmorisond3@mashable.com,Mercedes-Benz,E-Class,1992.0,85699.0
473,Anna-diane,Boxill,aboxilld4@topsy.com,Chevrolet,Cobalt,2005.0,15710.0
474,Sorcha,Benstead,sbensteadd5@harvard.edu,GMC,"Sierra 2500",2007.0,84541.0
475,Adrea,Sporner,aspornerd6@nymag.com,Hummer,H3,2010.0,55621.0
476,Jourdan,Chappel,jchappeld7@vinaora.com,"Land Rover",Freelander,2010.0,63772.0
477,Otho,"St. John",ostjohnd8@un.org,Audi,A5,2012.0,96067.0
478,Sela,Epgrave,sepgraved9@google.cn,Ford,Escort,1987.0,85240.0
479,Edita,Rigard,erigardda@nytimes.com,Oldsmobile,Intrigue,2000.0,24779.0
480,Binnie,Gasnell,bgasnelldb@usnews.com,Pontiac,GTO,1971.0,14269.0
481,Ellery,Gear,egeardc@fda.gov,Toyota,Venza,2010.0,86467.0
482,Hollie,Edgerly,hedgerlydd@nsw.gov.au,Kia,Optima,2011.0,41760.0
483,Rowen,Reynalds,rreynaldsde@dot.gov,Toyota,Xtra,1994.0,59254.0
484,Kiley,Goodhand,kgoodhanddf@cnbc.com,Honda,Odyssey,2009.0,38174.0
485,Garold,Odd,godddg@google.ru,Mazda,"B-Series Plus",1998.0,67351.0
486,Kamilah,McCully,kmccullydh@taobao.com,Chevrolet,Caprice,1992.0,1875.0
487,Nydia,Bussetti,nbussettidi@github.io,Audi,A8,2005.0,80105.0
488,Hardy,Ridges,hridgesdj@unicef.org,Honda,Odyssey,2006.0,59518.0
489,Ertha,Heard,ehearddk@hatena.ne.jp,Spyker,C8,2007.0,82063.0
490,Hillery,Tanti,htantidl@shop-pro.jp,Chevrolet,"Express 2500",1996.0,17434.0
491,Roslyn,Lecky,rleckydm@friendfeed.com,Infiniti,Q,1998.0,16370.0
492,Charles,Aimable,caimabledn@guardian.co.uk,Isuzu,Ascender,2005.0,58300.0
493,Cecilla,Falck,cfalckdo@purevolume.com,Audi,Q5,2011.0,89570.0
494,Nicole,Treves,ntrevesdp@deliciousdays.com,Ford,Escort,1987.0,42652.0
495,Ivett,Burberry,iburberrydq@abc.net.au,Mazda,B-Series,1986.0,53680.0
496,Karol,Clixby,kclixbydr@godaddy.com,Saab,9-3,2004.0,60936.0
497,Ardyth,Cheyenne,acheyenneds@artisteer.com,Mitsubishi,3000GT,1996.0,71991.0
498,Simone,Rasell,sraselldt@mail.ru,Volvo,XC70,2003.0,52895.0
499,Alfred,Videan,avideandu@utexas.edu,Chevrolet,"Suburban 1500",2004.0,84196.0
500,Jameson,Avraam,javraamdv@symantec.com,Geo,Storm,1992.0,32726.0
501,Rosy,Shoute,rshoutedw@illinois.edu,Buick,LeSabre,2004.0,6280.0
502,Lucilia,Micheu,lmicheudx@joomla.org,Nissan,350Z,2005.0,9552.0
503,Haydon,McPhelimey,hmcphelimeydy@prlog.org,Hyundai,Veracruz,2008.0,43965.0
504,Ayn,Laundon,alaundondz@stumbleupon.com,Honda,Accord,2010.0,84035.0
505,Enrico,Endrizzi,eendrizzie0@engadget.com,GMC,"Sierra 3500",2006.0,65479.0
506,Thorndike,Golde,tgoldee1@columbia.edu,Citroen,"Escalade ESV",2004.0,78258.0
507,Tessa,Gideon,tgideone2@goodreads.com,Mazda,MPV,2002.0,98428.0
508,Linell,Raselles,lrasellese3@networksolutions.com,Acura,RL,2007.0,40614.0
509,Sherwynd,Clunan,sclunane4@harvard.edu,Dodge,Challenger,2009.0,96039.0
510,Yoko,Killford,ykillforde5@parallels.com,Infiniti,G37,2010.0,45177.0
511,Lil,Verlinden,lverlindene6@edublogs.org,Chevrolet,Astro,1993.0,9635.0
512,Flss,"O' Bee",fobeee7@nydailynews.com,Volkswagen,"New Beetle",2007.0,11751.0
514,Reina,Thursby,rthursbye9@jugem.jp,Dodge,Spirit,1992.0,26005.0
515,Hardy,Ribbens,hribbensea@mysql.com,Spyker,C8,2006.0,73660.0
516,Angelico,Figura,afiguraeb@tiny.cc,Nissan,Maxima,1998.0,38752.0
517,Lanette,Goodbourn,lgoodbournec@people.com.cn,Mercury,Mystique,1996.0,14342.0
518,Lewes,Towne,ltowneed@earthlink.net,Honda,Odyssey,2011.0,69741.0
519,Mischa,Lemmertz,mlemmertzee@loc.gov,Dodge,Stealth,1996.0,97341.0
520,Urbanus,Forestall,uforestallef@timesonline.co.uk,Dodge,"Ram Van 1500",1996.0,26186.0
521,Gertrude,Pache,gpacheeg@indiegogo.com,Dodge,"Ram 3500",1995.0,77936.0
522,Eugen,Moppett,emoppetteh@google.fr,Chevrolet,Avalanche,2007.0,1018.0
523,Crawford,Bohling,cbohlingei@independent.co.uk,Buick,Skylark,1998.0,19626.0
524,Yolanda,Greaterex,ygreaterexej@wikia.com,GMC,Yukon,2007.0,42581.0
525,Artemas,Summerlad,asummerladek@ucoz.ru,Subaru,Forester,1998.0,90432.0
526,Khalil,Beston,kbestonel@123-reg.co.uk,Jaguar,XJ,2011.0,91422.0
527,Florencia,Wardingley,fwardingleyem@cnet.com,Citroen,Eldorado,2000.0,45251.0
528,Bren,Guiot,bguioten@delicious.com,GMC,"3500 Club Coupe",1993.0,15707.0
529,Wade,Cressar,wcressareo@rambler.ru,Mercedes-Benz,600SEL,1992.0,75627.0
530,Conney,McArdle,cmcardleep@tripod.com,Pontiac,GTO,1966.0,16766.0
531,Cesare,Bruyntjes,cbruyntjeseq@tripadvisor.com,Honda,Civic,2009.0,63109.0
532,Robina,Sieur,rsieurer@umich.edu,Dodge,"Ram Van 2500",2003.0,5231.0
533,Alvira,Greenhouse,agreenhousees@telegraph.co.uk,Chrysler,300,2007.0,66164.0
534,Niles,Pischel,npischelet@diigo.com,Pontiac,Bonneville,1993.0,11651.0
535,Alvin,Troucher,atrouchereu@webeden.co.uk,Chevrolet,"Silverado 1500",2010.0,9080.0
536,Engracia,Knox,eknoxev@imdb.com,"Land Rover",Discovery,2002.0,35072.0
537,Dee,Monday,dmondayew@apple.com,Mercedes-Benz,SL-Class,1986.0,68113.0
538,Isidoro,Louca,iloucaex@cdbaby.com,Volkswagen,Passat,2006.0,72572.0
539,Bessy,Zuker,bzukerey@bigcartel.com,Honda,"Civic Si",2006.0,60277.0
540,Keriann,Dahlbom,kdahlbomez@europa.eu,Mitsubishi,3000GT,1994.0,42539.0
541,Alexine,Gorst,agorstf0@odnoklassniki.ru,"Land Rover",Discovery,2011.0,38023.0
542,Kessiah,Albarez,kalbarezf1@creativecommons.org,Audi,S6,2007.0,43939.0
543,Hymie,Bache,hbachef2@google.it,BMW,X3,2010.0,2847.0
544,Jarrett,"O'Heneghan",joheneghanf3@technorati.com,Toyota,Camry,2007.0,39060.0
545,Marjy,Povah,mpovahf4@sohu.com,Bentley,Brooklands,2010.0,10504.0
546,Florence,Paterson,fpatersonf5@oracle.com,Jensen,Interceptor,1967.0,11905.0
547,Starlene,McKinless,smckinlessf6@freewebs.com,Volkswagen,"New Beetle",2001.0,70842.0
548,Amara,Cowling,acowlingf7@booking.com,GMC,Safari,2000.0,89472.0
549,Teador,Fosberry,tfosberryf8@mtv.com,Lamborghini,Gallardo,2003.0,97893.0
550,Zandra,Pachta,zpachtaf9@hibu.com,Buick,LaCrosse,2012.0,53216.0
551,Darius,Farrar,dfarrarfa@pagesperso-orange.fr,Hyundai,Tucson,2010.0,64356.0
552,Lind,Paule,lpaulefb@prnewswire.com,Mazda,Protege,2000.0,54789.0
553,Carolee,Blanch,cblanchfc@dion.ne.jp,Audi,V8,1991.0,29214.0
554,Siward,"Mc Meekan",smcmeekanfd@ifeng.com,Porsche,968,1992.0,66265.0
555,Saree,Varran,svarranfe@alibaba.com,Dodge,"Ram Van B350",1992.0,51076.0
556,Gerry,Lead,gleadff@g.co,GMC,Safari,1997.0,52169.0
557,Alexandrina,Crossfield,acrossfieldfg@netlog.com,Subaru,Impreza,2012.0,43308.0
558,Ketty,Pallesen,kpallesenfh@phoca.cz,Mercedes-Benz,C-Class,2002.0,84137.0
559,Katrinka,Lowman,klowmanfi@tripod.com,Mitsubishi,Endeavor,2004.0,2943.0
560,Hannis,Crocker,hcrockerfj@wisc.edu,Mazda,929,1991.0,11006.0
561,Adeline,Chessil,achessilfk@freewebs.com,Dodge,Charger,2010.0,30549.0
562,Scarlett,Creaney,screaneyfl@discovery.com,Infiniti,J,1996.0,25641.0
563,Elfie,Beininck,ebeininckfm@nba.com,Maserati,430,1989.0,56879.0
564,Beaufort,Bangiard,bbangiardfn@tripadvisor.com,Subaru,Outback,2010.0,28057.0
565,Mickie,Boswell,mboswellfo@cpanel.net,Ford,Escape,2009.0,22975.0
566,Dorry,Gavrielly,dgavriellyfp@prlog.org,"Land Rover",Discovery,2011.0,99833.0
567,Kimberly,Twitchett,ktwitchettfq@51.la,Chrysler,Sebring,2002.0,64521.0
568,Nancie,Lebang,nlebangfr@fda.gov,Mazda,"Mazdaspeed 3",2009.0,58064.0
569,Shelli,"De Blasio",sdeblasiofs@state.tx.us,Ford,E150,2012.0,23704.0
570,Riannon,Morton,rmortonft@amazonaws.com,Pontiac,6000,1987.0,44643.0
571,Horst,Ortell,hortellfu@yandex.ru,Buick,Skylark,1991.0,76388.0
572,Michaella,Storch,mstorchfv@chronoengine.com,Porsche,Cayenne,2009.0,9263.0
573,Sully,Rosthorn,srosthornfw@google.co.jp,Plymouth,Laser,1990.0,23705.0
574,Brandie,Dearman,bdearmanfx@washingtonpost.com,Jeep,Patriot,2009.0,10121.0
575,Casi,Yantsurev,cyantsurevfy@patch.com,Geo,Metro,1993.0,37422.0
576,Dottie,Drinan,ddrinanfz@unesco.org,Dodge,Caliber,2012.0,65750.0
577,Luciana,Blaxter,lblaxterg0@paginegialle.it,Subaru,Legacy,1990.0,56928.0
578,Marrissa,Pero,mperog1@freewebs.com,Nissan,Pathfinder,2001.0,68964.0
579,Garvy,Aucott,gaucottg2@cafepress.com,Jaguar,XK,2009.0,65495.0
580,Erik,Gabler,egablerg3@constantcontact.com,Ford,Bronco,1992.0,31896.0
581,Barnard,Rosa,brosag4@themeforest.net,Kia,Sorento,2009.0,29607.0
582,Dorolisa,Demschke,ddemschkeg5@nydailynews.com,Ford,Ranger,2002.0,73622.0
583,Zitella,Greenrde,zgreenrdeg6@mac.com,Ford,Expedition,2001.0,89463.0
584,Hyacintha,Shemmans,hshemmansg7@prnewswire.com,Mercedes-Benz,SL-Class,1998.0,71622.0
585,Cybill,Dever,cdeverg8@furl.net,Toyota,MR2,1994.0,71783.0
586,Olva,Heape,oheapeg9@abc.net.au,Mercury,"Grand Marquis",2009.0,32402.0
587,Amity,Potteridge,apotteridgega@wikipedia.org,Mitsubishi,Montero,2001.0,82103.0
588,Flossie,Gatty,fgattygb@statcounter.com,Subaru,Justy,1990.0,95623.0
589,Dolley,Shrive,dshrivegc@redcross.org,Peugeot,207,2006.0,46457.0
590,Granville,Greenside,ggreensidegd@hc360.com,Volvo,C70,2000.0,13668.0
591,Leshia,Shrimpling,lshrimplingge@wordpress.org,Chevrolet,"G-Series G10",1994.0,36130.0
592,Melinde,Hegge,mheggegf@prnewswire.com,Buick,"Park Avenue",1994.0,27555.0
593,Elisabetta,Sarch,esarchgg@blogspot.com,Ford,"Econoline E250",1998.0,21489.0
594,Heindrick,Criple,hcriplegh@php.net,Pontiac,G5,2009.0,91698.0
596,Tam,Beebis,tbeebisgj@apple.com,Mitsubishi,Eclipse,1990.0,11815.0
597,Cyb,Stennine,cstenninegk@mashable.com,Chevrolet,"Monte Carlo",1995.0,69557.0
598,Kelly,Sabate,ksabategl@mit.edu,Mazda,MX-3,1993.0,83148.0
599,Christa,Cluderay,ccluderaygm@huffingtonpost.com,Dodge,Omni,1978.0,54308.0
600,Albertine,Rylett,arylettgn@cbslocal.com,Volkswagen,Fox,1988.0,67728.0
601,Agna,Klimkowski,aklimkowskigo@shinystat.com,Toyota,Cressida,1992.0,66585.0
602,Cora,Patis,cpatisgp@seesaa.net,Toyota,Sienna,2007.0,96685.0
603,Ashton,Labbett,alabbettgq@yale.edu,Mitsubishi,Eclipse,1990.0,87429.0
604,Georgie,Otteridge,gotteridgegr@techcrunch.com,Suzuki,SX4,2012.0,22843.0
605,Lorena,Hercules,lherculesgs@independent.co.uk,Mitsubishi,Cordia,1986.0,58424.0
606,Sansone,Kerwen,skerwengt@yahoo.co.jp,Audi,80,1990.0,79317.0
607,Vivi,Hessenthaler,vhessenthalergu@pinterest.com,Nissan,Pathfinder,2009.0,27846.0
608,Arie,McDunlevy,amcdunlevygv@diigo.com,Lincoln,MKS,2010.0,66305.0
609,Barnaby,Steinhammer,bsteinhammergw@nifty.com,Nissan,Pathfinder,2010.0,47227.0
610,Gayleen,Jewkes,gjewkesgx@economist.com,Buick,Riviera,1992.0,80172.0
611,Mohandas,Gilhool,mgilhoolgy@ucsd.edu,Jaguar,"XJ Series",1998.0,77413.0
612,Bealle,Derkes,bderkesgz@mlb.com,Ford,"Crown Victoria",2009.0,76859.0
613,Silvain,Jakubowsky,sjakubowskyh0@unicef.org,Audi,A8,2007.0,11555.0
614,Liz,Trahair,ltrahairh1@archive.org,Lotus,Esprit,1995.0,16455.0
615,Elsinore,Ipsgrave,eipsgraveh2@bbb.org,"Aston Martin",DBS,2010.0,76555.0
616,Dimitri,Galilee,dgalileeh3@shareasale.com,Audi,TT,2009.0,67408.0
617,Rosana,Bakhrushin,rbakhrushinh4@usa.gov,Toyota,RAV4,2006.0,75230.0
618,Dusty,Wise,dwiseh5@sakura.ne.jp,Lincoln,Navigator,2010.0,95014.0
619,Retha,Sabben,rsabbenh6@washington.edu,Oldsmobile,Aurora,1996.0,2680.0
620,Giusto,MacCarroll,gmaccarrollh7@unblog.fr,Mitsubishi,Outlander,2004.0,19103.0
621,Ber,Sellens,bsellensh8@163.com,Hyundai,Sonata,2009.0,97500.0
622,Thomas,Riglar,triglarh9@pinterest.com,Ford,Laser,1985.0,40412.0
623,Lesli,Hatrick,lhatrickha@redcross.org,Chrysler,"Town & Country",1996.0,29635.0
624,Allen,Duplan,aduplanhb@independent.co.uk,BMW,"3 Series",2007.0,76287.0
625,Lorena,Crisp,lcrisphc@uol.com.br,Maserati,Spyder,2004.0,88414.0
626,Shana,Deppen,sdeppenhd@columbia.edu,Subaru,Justy,1991.0,40548.0
627,Thedric,Ong,tonghe@wix.com,Toyota,"Land Cruiser",2007.0,97301.0
628,Maritsa,Langlands,mlanglandshf@simplemachines.org,Ford,"LTD Crown Victoria",1991.0,38423.0
629,Wendell,Shearer,wshearerhg@paginegialle.it,Toyota,Tundra,2005.0,15515.0
630,Derrik,Cowmeadow,dcowmeadowhh@npr.org,Audi,S5,2010.0,35015.0
631,Cilka,Gammons,cgammonshi@squarespace.com,Toyota,Celica,1997.0,39896.0
632,Zola,Worlock,zworlockhj@ted.com,Mitsubishi,Pajero,1997.0,56681.0
633,Julie,Rowney,jrowneyhk@indiatimes.com,Hyundai,"Santa Fe",2008.0,12287.0
634,Hurleigh,Fieller,hfiellerhl@163.com,Audi,A6,1997.0,50917.0
635,Grantley,Peoples,gpeopleshm@instagram.com,Pontiac,Aztek,2002.0,52747.0
636,Morissa,Chilton,mchiltonhn@amazon.co.jp,Nissan,Versa,2009.0,58792.0
637,Tansy,Flatley,tflatleyho@amazon.co.uk,Rolls-Royce,Phantom,2009.0,26526.0
638,Mahala,Agneau,magneauhp@youtube.com,Plymouth,"Grand Voyager",1996.0,39812.0
639,Stu,Duchart,sducharthq@artisteer.com,Chevrolet,Aveo,2010.0,59998.0
640,Corene,Sexti,csextihr@china.com.cn,Dodge,"Ram Van 1500",2000.0,54216.0
641,Johann,Elden,jeldenhs@drupal.org,Chevrolet,"Express 2500",1998.0,95294.0
642,Allen,Berrisford,aberrisfordht@mozilla.com,Honda,Civic,2002.0,6027.0
643,Wendeline,Cruess,wcruesshu@guardian.co.uk,Chevrolet,"Express 2500",1998.0,24211.0
644,Aime,Delouch,adelouchhv@boston.com,Honda,CR-V,2002.0,51268.0
645,Edy,Edgcumbe,eedgcumbehw@wsj.com,Infiniti,JX,2013.0,90114.0
646,Kelsey,Casone,kcasonehx@sciencedaily.com,Mazda,RX-7,1989.0,63195.0
647,Lev,Cripin,lcripinhy@tripod.com,Audi,S6,2011.0,28879.0
648,Hildegaard,Kingsbury,hkingsburyhz@linkedin.com,Chevrolet,2500,2000.0,25191.0
649,Sheeree,Leere,sleerei0@bbb.org,Audi,TT,2011.0,73307.0
650,Felipe,Silby,fsilbyi1@about.me,"Land Rover",Discovery,2003.0,68292.0
651,Glennis,Wollen,gwolleni2@bing.com,Maserati,"Gran Sport",2006.0,14241.0
652,Durward,Deniso,ddenisoi3@ucoz.com,Honda,Insight,2005.0,93436.0
653,Norry,Friar,nfriari4@ebay.co.uk,Kia,Optima,2009.0,7848.0
654,Erda,Beavis,ebeavisi5@rediff.com,Buick,Regal,2000.0,12936.0
655,Ketty,Sopp,ksoppi6@hubpages.com,Honda,Ridgeline,2008.0,61861.0
656,Gabriello,Sirr,gsirri7@reuters.com,BMW,525,2004.0,60807.0
657,Lorettalorna,Martinello,lmartinelloi8@dagondesign.com,Audi,A4,1998.0,58867.0
658,Sheela,Breslin,sbreslini9@accuweather.com,Honda,Accord,2001.0,68476.0
659,Clarke,Franceschi,cfranceschiia@icio.us,Maserati,GranTurismo,2011.0,72785.0
660,Willette,Houlworth,whoulworthib@webnode.com,Volvo,V70,2003.0,30633.0
661,Kata,Ragdale,kragdaleic@blogtalkradio.com,Mazda,"Miata MX-5",2002.0,45166.0
662,Tito,Dinis,tdinisid@privacy.gov.au,GMC,Yukon,1994.0,74687.0
663,Loella,Sines,lsinesie@cornell.edu,Audi,A4,1996.0,99916.0
664,Nadean,Clarridge,nclarridgeif@ucoz.ru,Hyundai,Sonata,1996.0,42969.0
665,Leeanne,Wildbore,lwildboreig@squidoo.com,Toyota,Celica,1983.0,88576.0
666,Leese,Spellessy,lspellessyih@51.la,Acura,Vigor,1994.0,3268.0
667,Gail,Calcott,gcalcottii@google.co.uk,Volvo,C30,2010.0,76772.0
668,Nora,Priscott,npriscottij@merriam-webster.com,Volkswagen,Fox,1992.0,67891.0
669,Liliane,Nadin,lnadinik@dagondesign.com,BMW,"X6 M",2012.0,44213.0
670,Russell,Chantler,rchantleril@china.com.cn,Subaru,Forester,1999.0,53056.0
671,Yancey,Spikins,yspikinsim@msu.edu,Ford,Escort,2004.0,58195.0
672,Stearne,Friary,sfriaryin@mozilla.org,Subaru,Justy,1991.0,33365.0
673,Bradan,Capstack,bcapstackio@archive.org,Toyota,"Land Cruiser",2011.0,74021.0
674,Lefty,Gartery,lgarteryip@howstuffworks.com,Porsche,911,1993.0,28928.0
675,Ruggiero,Braban,rbrabaniq@icio.us,Ford,Explorer,1994.0,61617.0
676,Vonny,Vogl,vvoglir@washingtonpost.com,Chevrolet,Cobalt,2006.0,66547.0
677,Levey,Tunuy,ltunuyis@symantec.com,Mazda,MPV,1996.0,72917.0
678,Rafferty,Castel,rcastelit@reuters.com,Mercury,Lynx,1986.0,15387.0
679,Wendel,Giovannardi,wgiovannardiiu@mapquest.com,Isuzu,"Rodeo Sport",2003.0,96006.0
680,Modesty,Goodlake,mgoodlakeiv@wired.com,"Land Rover",Discovery,2003.0,32878.0
681,Denny,Verdun,dverduniw@cloudflare.com,Mercury,"Grand Marquis",1990.0,81490.0
682,Willi,Iley,wileyix@360.cn,Dodge,Caravan,2009.0,83766.0
683,Sybille,Grievson,sgrievsoniy@t-online.de,Chrysler,"Town & Country",2002.0,18224.0
684,Rosco,Yann,ryanniz@cam.ac.uk,Volkswagen,"New Beetle",1999.0,46512.0
685,Harman,Capstack,hcapstackj0@eventbrite.com,Mercury,Tracer,1989.0,96014.0
686,Delmar,Ogborn,dogbornj1@cargocollective.com,Volvo,V70,2000.0,21799.0
687,Benjamen,Beazleigh,bbeazleighj2@columbia.edu,GMC,"Yukon XL 2500",2007.0,98638.0
688,Barrie,Ramsdell,bramsdellj3@marketwatch.com,Mercedes-Benz,300CE,1993.0,38886.0
689,Daphne,Inglish,dinglishj4@about.me,"Land Rover","Range Rover",1988.0,88106.0
690,Bernie,Dofty,bdoftyj5@digg.com,Toyota,TundraMax,2010.0,37066.0
691,Hillel,Longthorn,hlongthornj6@ocn.ne.jp,Volkswagen,Passat,2007.0,15258.0
692,Alysa,Southers,asouthersj7@bravesites.com,Mercedes-Benz,C-Class,2008.0,9422.0
693,Mathilde,Ormiston,mormistonj8@creativecommons.org,Lexus,"LS Hybrid",2012.0,64771.0
694,Pooh,Shingles,pshinglesj9@house.gov,Buick,Regal,1992.0,71686.0
695,Torey,Celli,tcellija@mapy.cz,GMC,Yukon,1992.0,2327.0
696,Cthrine,Gregoretti,cgregorettijb@zdnet.com,Mazda,RX-8,2005.0,81089.0
697,Delphinia,Patten,dpattenjc@deliciousdays.com,GMC,"Yukon XL 1500",2007.0,17999.0
698,Curcio,Barnewall,cbarnewalljd@desdev.cn,Subaru,Forester,2009.0,69583.0
699,Reade,Leaves,rleavesje@twitter.com,Mazda,626,1998.0,57600.0
700,Clarice,Rehm,crehmjf@goo.ne.jp,Kia,Spectra,2009.0,52450.0
701,Christan,Heisler,cheislerjg@odnoklassniki.ru,Chevrolet,"Silverado 1500",2000.0,67128.0
702,Ashien,Hayes,ahayesjh@etsy.com,Honda,CR-V,2006.0,8546.0
703,Jessamyn,Massenhove,jmassenhoveji@google.com,Audi,"4000CS Quattro",1987.0,90355.0
704,Benedict,Coatsworth,bcoatsworthjj@nymag.com,BMW,645,2004.0,97309.0
705,Olympe,Fane,ofanejk@cpanel.net,Mazda,CX-7,2008.0,90897.0
706,Robin,MacMoyer,rmacmoyerjl@usnews.com,Mazda,"B-Series Plus",1995.0,17469.0
707,Sunny,Dentith,sdentithjm@howstuffworks.com,Nissan,300ZX,1994.0,44852.0
708,Timoteo,Surgison,tsurgisonjn@utexas.edu,Buick,Regal,1985.0,35823.0
709,Adrianne,Rottcher,arottcherjo@state.tx.us,Dodge,"Ram 1500",1999.0,24880.0
710,Godard,Handy,ghandyjp@yahoo.co.jp,Honda,Odyssey,2010.0,46439.0
711,Gerrard,Brighty,gbrightyjq@mail.ru,Isuzu,Oasis,1998.0,2499.0
712,Nye,Fyldes,nfyldesjr@odnoklassniki.ru,Kia,Sorento,2005.0,30472.0
713,Dietrich,Karpfen,dkarpfenjs@yellowbook.com,GMC,"Sierra 1500",2012.0,45118.0
714,Dickie,Strother,dstrotherjt@rakuten.co.jp,Dodge,Stealth,1992.0,20642.0
715,Sloane,Geeves,sgeevesju@ucoz.com,Ford,"Econoline E350",1998.0,6343.0
716,Gweneth,Kirsche,gkirschejv@usda.gov,Mercury,Montego,2005.0,24910.0
717,Bale,Gorvin,bgorvinjw@domainmarket.com,Scion,xD,2011.0,81933.0
718,Corina,Peyro,cpeyrojx@vk.com,Honda,Crosstour,2012.0,32262.0
719,Elinore,Southern,esouthernjy@oracle.com,Isuzu,Ascender,2004.0,86750.0
720,Elvina,Dudlestone,edudlestonejz@amazon.co.uk,Oldsmobile,Bravada,1998.0,43431.0
721,Swen,Trowsdall,strowsdallk0@slate.com,Volkswagen,Passat,2003.0,52509.0
722,Angus,Heinschke,aheinschkek1@rediff.com,Volkswagen,Passat,2004.0,39753.0
723,Delphine,Conws,dconwsk2@facebook.com,Hyundai,Veracruz,2007.0,89765.0
724,Alexina,Matzen,amatzenk3@marketwatch.com,Chevrolet,Venture,1998.0,70432.0
725,Ardeen,Moggie,amoggiek4@intel.com,Toyota,Tercel,1993.0,14636.0
726,Gordon,Neary,gnearyk5@slashdot.org,Ford,F350,2011.0,41531.0
727,Hewet,Kleinholz,hkleinholzk6@japanpost.jp,Chevrolet,Impala,2001.0,86436.0
728,Nicolas,Cay,ncayk7@odnoklassniki.ru,Porsche,Cayenne,2011.0,81472.0
729,Eldredge,Conboy,econboyk8@jugem.jp,Ford,F350,2005.0,5720.0
730,Jourdan,Ruecastle,jruecastlek9@aol.com,Dodge,Caravan,1997.0,92969.0
731,Elisa,Willmett,ewillmettka@ucla.edu,Subaru,XT,1991.0,67905.0
732,Florida,Dibsdale,fdibsdalekb@elpais.com,Acura,RDX,2007.0,62272.0
733,Luella,McAlister,lmcalisterkc@wix.com,BMW,600,1959.0,39031.0
734,Pace,Dally,pdallykd@eventbrite.com,Jaguar,"XK Series",2013.0,96096.0
735,Winnie,Molson,wmolsonke@sitemeter.com,Mercedes-Benz,SLK-Class,1997.0,27562.0
736,Florenza,Lattimore,flattimorekf@npr.org,Ford,Explorer,2000.0,65846.0
737,Alethea,Cockerill,acockerillkg@delicious.com,Nissan,Pathfinder,2001.0,38380.0
738,Corrianne,Dourin,cdourinkh@addtoany.com,GMC,Jimmy,1993.0,49991.0
739,Caralie,Beloe,cbeloeki@chicagotribune.com,Mazda,MPV,1989.0,74146.0
740,Rodge,Bard,rbardkj@eventbrite.com,Chevrolet,Lumina,1993.0,21139.0
741,Roosevelt,Cleef,rcleefkk@nbcnews.com,GMC,Safari,1996.0,75216.0
742,Brigida,Tremaine,btremainekl@ehow.com,Subaru,Baja,2004.0,60822.0
743,Jone,Degnen,jdegnenkm@senate.gov,"Land Rover",Discovery,1995.0,22771.0
745,Alyce,"L'Hommeau",alhommeauko@dagondesign.com,Mazda,MX-3,1994.0,24022.0
746,Magdalene,Beecker,mbeeckerkp@studiopress.com,Lexus,GX,2004.0,14104.0
747,Millie,Ewbanche,mewbanchekq@surveymonkey.com,Mitsubishi,Tredia,1986.0,93564.0
748,Felice,Dayly,fdaylykr@yale.edu,Acura,TL,2011.0,85967.0
749,Verney,Soppit,vsoppitks@symantec.com,Ford,Ranger,2007.0,68135.0
750,Colene,Balducci,cbalduccikt@amazon.de,GMC,"Vandura G2500",1995.0,62061.0
751,Annabela,Schrei,aschreiku@wp.com,Ford,"Econoline E150",1995.0,26193.0
752,Davidde,Mycock,dmycockkv@spotify.com,GMC,1500,1998.0,1959.0
753,Fallon,Grimmer,fgrimmerkw@cbsnews.com,Ford,Explorer,1993.0,85126.0
754,Chelsie,Sopper,csopperkx@networkadvertising.org,Chevrolet,Malibu,2011.0,55923.0
755,Johnny,Nerheny,jnerhenyky@yahoo.co.jp,Citroen,CTS-V,2007.0,3573.0
756,Gratiana,Beavors,gbeavorskz@lulu.com,Mazda,MX-5,1995.0,94020.0
757,Zorah,Huot,zhuotl0@topsy.com,Mazda,B2600,1987.0,13474.0
758,Zerk,Ourry,zourryl1@youku.com,Audi,A8,2007.0,67095.0
759,Brady,Antal,bantall2@cdc.gov,Subaru,"Outback Sport",2002.0,72332.0
760,Sergio,Paulmann,spaulmannl3@taobao.com,"Land Rover",Discovery,1995.0,95860.0
761,Ase,Bullus,abullusl4@mac.com,Oldsmobile,Cutlass,1997.0,91432.0
762,Brook,Abbott,babbottl5@slashdot.org,Acura,NSX,1998.0,85613.0
763,Sandy,Gibbens,sgibbensl6@ask.com,Ford,Escort,2000.0,63159.0
764,Julieta,Boosey,jbooseyl7@arstechnica.com,Dodge,Caravan,1999.0,34937.0
765,Eb,Sharratt,esharrattl8@taobao.com,Ferrari,"430 Scuderia",2008.0,71299.0
766,Tarra,Gleaves,tgleavesl9@statcounter.com,Oldsmobile,Achieva,1995.0,65179.0
767,Mychal,Hedlestone,mhedlestonela@amazon.de,GMC,"Suburban 2500",1994.0,69013.0
768,Ramona,Chippindall,rchippindalllb@virginia.edu,"Alfa Romeo",Spider,1992.0,10366.0
769,Augustin,Cuttin,acuttinlc@myspace.com,Dodge,Avenger,1996.0,31231.0
770,Shanda,Bille,sbilleld@pagesperso-orange.fr,Toyota,"Tacoma Xtra",1996.0,57582.0
771,Dag,Bellas,dbellasle@springer.com,Mercedes-Benz,SL-Class,2006.0,91562.0
773,Peder,Andrelli,pandrellilg@gravatar.com,Mazda,"Miata MX-5",2010.0,22531.0
774,Daune,Goard,dgoardlh@indiatimes.com,Subaru,XT,1988.0,19958.0
775,Bendix,Lamerton,blamertonli@nsw.gov.au,Jeep,"Grand Cherokee",2001.0,58701.0
776,Harli,Sabban,hsabbanlj@dailymail.co.uk,Toyota,"T100 Xtra",1997.0,28337.0
777,Randi,Doutch,rdoutchlk@mozilla.org,Toyota,RAV4,2005.0,47742.0
778,Irving,Ashe,iashell@exblog.jp,Mercury,Monterey,2005.0,79699.0
779,Cobbie,Sharpless,csharplesslm@etsy.com,Hyundai,Elantra,2012.0,50023.0
780,Selie,Simms,ssimmsln@simplemachines.org,Buick,Coachbuilder,1992.0,80654.0
781,Nat,Mussalli,nmussallilo@drupal.org,"Land Rover",Defender,1993.0,65774.0
782,Starlin,Ladbury,sladburylp@yellowbook.com,Citroen,"Escalade ESV",2006.0,92526.0
783,Worthy,Nuss,wnusslq@pen.io,Chevrolet,"Suburban 2500",1996.0,32599.0
784,Brannon,Smardon,bsmardonlr@de.vu,Mitsubishi,Precis,1990.0,90345.0
785,Eleonore,Pasby,epasbyls@last.fm,Mazda,MPV,2001.0,59193.0
786,Emmye,Eccott,eeccottlt@disqus.com,Dodge,Nitro,2008.0,24279.0
787,Artemis,Klezmski,aklezmskilu@boston.com,Chevrolet,3500,1999.0,12908.0
788,Orsola,Gabitis,ogabitislv@skyrock.com,Chevrolet,TrailBlazer,2002.0,78112.0
789,Ahmed,Yedy,ayedylw@qq.com,Dodge,"Ram 2500",2006.0,16836.0
790,Pammie,Calendar,pcalendarlx@vk.com,Toyota,"T100 Xtra",1998.0,88611.0
791,Jenn,Haydn,jhaydnly@4shared.com,Ford,Escort,1994.0,18347.0
792,Wayne,Mounce,wmouncelz@google.co.uk,Dodge,"Ram Van 1500",1996.0,66603.0
793,Christabella,Shinfield,cshinfieldm0@biblegateway.com,BMW,"3 Series",2009.0,23457.0
794,Alastair,Doerr,adoerrm1@amazon.co.jp,Buick,Skyhawk,1985.0,52581.0
795,Iormina,Roubert,iroubertm2@bluehost.com,"Aston Martin","V8 Vantage S",2012.0,60018.0
796,Brandea,Innocent,binnocentm3@prweb.com,Nissan,200SX,1998.0,11208.0
797,Parrnell,Tessier,ptessierm4@usgs.gov,Citroen,Fleetwood,1996.0,92312.0
798,Judy,Whistance,jwhistancem5@theglobeandmail.com,Citroen,STS-V,2006.0,11075.0
799,Amata,Hargrave,ahargravem6@google.ru,Mazda,CX-9,2009.0,71554.0
800,Kevyn,Aveling,kavelingm7@gizmodo.com,Nissan,Cube,2011.0,76472.0
801,Myrtice,Trusse,mtrussem8@buzzfeed.com,Ford,Th!nk,2002.0,21884.0
802,Stanislas,Jauncey,sjaunceym9@berkeley.edu,Mitsubishi,Chariot,1996.0,64435.0
803,Bernadette,Brenton,bbrentonma@springer.com,Subaru,Brat,1987.0,18454.0
804,Nikolas,Visick,nvisickmb@samsung.com,Mitsubishi,Pajero,2005.0,63767.0
805,Alexandre,Stannislawski,astannislawskimc@hubpages.com,Porsche,911,2013.0,21006.0
806,Lorie,Swiffen,lswiffenmd@wordpress.com,Mercedes-Benz,CLK-Class,2000.0,94961.0
807,Lesya,Curtoys,lcurtoysme@hibu.com,Holden,"VS Commodore",1997.0,40042.0
808,Jimmie,Cheley,jcheleymf@nasa.gov,Ford,Tempo,1987.0,9459.0
809,Emelyne,Kief,ekiefmg@abc.net.au,Volkswagen,Fox,1987.0,49132.0
810,Gabriel,Litchmore,glitchmoremh@webs.com,Kia,Borrego,2009.0,4154.0
811,Zerk,McGreary,zmcgrearymi@51.la,Chevrolet,2500,1992.0,49430.0
812,Nicola,MacGiffin,nmacgiffinmj@redcross.org,Saturn,S-Series,1999.0,96735.0
813,Amble,Danielsson,adanielssonmk@stumbleupon.com,Ford,Thunderbird,1955.0,97786.0
814,Mirabel,Yuryev,myuryevml@mac.com,Chrysler,Aspen,2009.0,49395.0
815,Olympia,Thorogood,othorogoodmm@rambler.ru,Citroen,DeVille,1993.0,10720.0
816,Gretna,Bastable,gbastablemn@businesswire.com,Lexus,SC,1999.0,78786.0
817,Lorinda,Hunter,lhuntermo@clickbank.net,Ford,Mustang,1972.0,35539.0
818,Sidoney,Dacca,sdaccamp@sbwire.com,Chevrolet,"Silverado 1500",2012.0,96622.0
819,Doloritas,Hyndson,dhyndsonmq@yahoo.co.jp,Mazda,Mazdaspeed6,2006.0,45110.0
820,Glad,Brimley,gbrimleymr@dailymail.co.uk,Ford,"F-Series Super Duty",2011.0,53211.0
821,Antin,Greeding,agreedingms@chron.com,Toyota,Supra,1997.0,72769.0
822,Doug,Lovell,dlovellmt@parallels.com,Mazda,MX-5,1992.0,4468.0
823,Woody,Rusk,wruskmu@liveinternet.ru,Volkswagen,Passat,2008.0,54188.0
824,Bertine,Osbourne,bosbournemv@ucsd.edu,Mercedes-Benz,G-Class,2012.0,21159.0
825,Samara,Goodsir,sgoodsirmw@shop-pro.jp,Dodge,Neon,2004.0,72600.0
826,Carce,Roffey,croffeymx@pen.io,Bentley,"Continental GTC",2012.0,24198.0
827,Dyanne,Redihalgh,dredihalghmy@weibo.com,Mercedes-Benz,CLK-Class,2002.0,93426.0
828,Crosby,Poel,cpoelmz@joomla.org,Chevrolet,2500,1992.0,14329.0
829,Dennis,Causer,dcausern0@kickstarter.com,Toyota,Avalon,1998.0,20081.0
830,Daffy,Crosston,dcrosstonn1@biglobe.ne.jp,Chevrolet,"Silverado 3500",2011.0,60405.0
831,Leslie,Ghidoni,lghidonin2@sourceforge.net,Lamborghini,Diablo,1993.0,23920.0
832,Dimitry,Anyon,danyonn3@naver.com,Chevrolet,"Suburban 1500",1996.0,29342.0
833,Ingaborg,Epp,ieppn4@multiply.com,Maserati,228,1989.0,18984.0
834,Mattias,Wimes,mwimesn5@walmart.com,Mitsubishi,Lancer,2012.0,35471.0
835,Jacky,Harpham,jharphamn6@hhs.gov,Citroen,CTS-V,2010.0,65659.0
836,Berri,Bittlestone,bbittlestonen7@people.com.cn,Suzuki,Swift,1996.0,12066.0
837,Betteanne,Ipsley,bipsleyn8@qq.com,Ford,Windstar,2002.0,33222.0
838,Sanderson,Dowker,sdowkern9@fc2.com,MINI,Cooper,2008.0,48044.0
839,Dasie,Vasenin,dvaseninna@elpais.com,Mazda,929,1995.0,49581.0
840,Nathanael,Maseyk,nmaseyknb@senate.gov,GMC,"Sierra 1500",2000.0,10734.0
841,Jamil,Low,jlownc@angelfire.com,Mitsubishi,Eclipse,1996.0,43534.0
842,Vern,Seifert,vseifertnd@google.com,Audi,A4,2011.0,35152.0
843,Mirabelle,Brinkler,mbrinklerne@wiley.com,Dodge,"Viper RT/10",1994.0,54056.0
844,Ricardo,Molnar,rmolnarnf@intel.com,Plymouth,Horizon,1978.0,48777.0
845,Gwendolin,Farrington,gfarringtonng@cornell.edu,Dodge,Durango,2003.0,23377.0
846,Maryjane,Gisburn,mgisburnnh@mozilla.org,Jeep,Wrangler,2001.0,55297.0
847,Bronny,Brownlie,bbrownlieni@themeforest.net,Saturn,Outlook,2007.0,88249.0
848,Becka,Franklen,bfranklennj@springer.com,Chevrolet,Lumina,1998.0,6629.0
849,Grace,Ingerman,gingermannk@ebay.co.uk,Chevrolet,Corvette,1972.0,60346.0
850,Gardiner,Onions,gonionsnl@mapy.cz,Saab,9-7X,2009.0,22713.0
851,Jami,"O'Lehane",jolehanenm@scribd.com,Ford,ZX2,2001.0,24016.0
852,Benetta,Zecchi,bzecchinn@mediafire.com,Toyota,Previa,1993.0,12706.0
853,Orelee,Roles,orolesno@loc.gov,GMC,Sierra,2009.0,75143.0
854,Moses,Hawksby,mhawksbynp@mtv.com,Toyota,Supra,1998.0,71204.0
855,Clea,Crafts,ccraftsnq@huffingtonpost.com,Dodge,"Ram Van 3500",2000.0,41681.0
856,Anallise,Petrus,apetrusnr@ehow.com,Honda,Prelude,2000.0,85778.0
857,Birch,Colhoun,bcolhounns@chicagotribune.com,Isuzu,Rodeo,1992.0,68540.0
858,Jeffy,Ebanks,jebanksnt@amazon.de,Suzuki,SX4,2008.0,98405.0
859,Joleen,Krout,jkroutnu@instagram.com,Ford,Expedition,1999.0,79046.0
860,Vinni,Witheridge,vwitheridgenv@dropbox.com,Rolls-Royce,Phantom,2010.0,79625.0
861,Huey,Ticksall,hticksallnw@artisteer.com,Ford,"Expedition EL",2007.0,79860.0
862,Emeline,Wonfar,ewonfarnx@seattletimes.com,Dodge,"Grand Caravan",2004.0,45058.0
863,Tudor,Jeenes,tjeenesny@bravesites.com,Dodge,Durango,2009.0,61119.0
864,Roxana,Cartwright,rcartwrightnz@twitpic.com,Toyota,Matrix,2006.0,12855.0
865,Bria,Palliser,bpallisero0@parallels.com,Isuzu,VehiCROSS,2000.0,53524.0
866,Hyatt,Muckersie,hmuckersieo1@alexa.com,"Land Rover",Discovery,2006.0,70372.0
867,Darcee,Defont,ddefonto2@goo.ne.jp,Chrysler,LeBaron,1994.0,28478.0
868,Cherri,Gewer,cgewero3@whitehouse.gov,Subaru,Legacy,2011.0,79699.0
869,Herschel,Summerlad,hsummerlado4@bloomberg.com,Pontiac,Sunfire,2004.0,35806.0
870,Noll,Lilion,nliliono5@cbc.ca,Ford,Explorer,1995.0,70956.0
871,Christen,Picken,cpickeno6@ft.com,Dodge,"D250 Club",1992.0,37147.0
872,Kathlin,Pendleberry,kpendleberryo7@nifty.com,Ford,Ranger,1989.0,64423.0
873,Granthem,Flescher,gfleschero8@umn.edu,Suzuki,X-90,1997.0,11401.0
874,Shermy,Lane,slaneo9@squarespace.com,Mercury,Topaz,1992.0,69780.0
875,Brandie,Linbohm,blinbohmoa@yellowpages.com,Ford,E250,1984.0,91907.0
876,Dallis,Daugherty,ddaughertyob@about.me,Smart,Fortwo,2011.0,83565.0
877,Pen,"Van de Castele",pvandecasteleoc@networkadvertising.org,Dodge,"Grand Caravan",1996.0,5852.0
878,Chelsy,Cowey,ccoweyod@comsenz.com,Volkswagen,"New Beetle",2004.0,58698.0
879,Storm,"Di Bernardo",sdibernardooe@macromedia.com,Studebaker,Avanti,1963.0,61589.0
880,Byrann,Dubock,bdubockof@liveinternet.ru,Mitsubishi,L300,1990.0,56875.0
881,Justis,Horwell,jhorwellog@nydailynews.com,GMC,"Vandura 2500",1994.0,71574.0
882,Adolpho,Copplestone,acopplestoneoh@t.co,Nissan,Maxima,2003.0,78569.0
883,Aleda,Martynka,amartynkaoi@biglobe.ne.jp,GMC,Safari,2002.0,45560.0
884,Gilligan,Koenen,gkoenenoj@psu.edu,Oldsmobile,"Cutlass Cruiser",1993.0,83699.0
885,Cornell,Kelwick,ckelwickok@wired.com,Chrysler,300M,1999.0,11527.0
886,Adan,Bewly,abewlyol@bbb.org,Oldsmobile,Bravada,2003.0,46257.0
887,Jules,Woodfine,jwoodfineom@independent.co.uk,Volkswagen,GTI,2009.0,64021.0
888,Manfred,Sollis,msollison@psu.edu,Lamborghini,Countach,1985.0,25047.0
889,Sonya,Lucian,slucianoo@goo.ne.jp,Hummer,H3T,2010.0,91617.0
890,Krishna,Paulsen,kpaulsenop@slashdot.org,Toyota,RAV4,1996.0,50882.0
891,Jean,Dallemore,jdallemoreoq@de.vu,Nissan,Murano,2011.0,22328.0
892,Jan,Minnis,jminnisor@pbs.org,Chevrolet,"Suburban 2500",2001.0,34666.0
893,Becky,Tantrum,btantrumos@washingtonpost.com,"Land Rover","Range Rover",2004.0,7277.0
894,Caprice,Sailor,csailorot@businessinsider.com,Chevrolet,Astro,2004.0,94174.0
895,Winn,Earngy,wearngyou@cargocollective.com,Dodge,"Ram 2500",1995.0,70530.0
896,Tallulah,Blick,tblickov@mail.ru,BMW,M3,2010.0,90855.0
897,Dayle,Gosart,dgosartow@gmpg.org,Nissan,Frontier,1998.0,94087.0
898,Mordy,Peltz,mpeltzox@census.gov,Lincoln,"Town Car",1984.0,4610.0
899,Wendel,McGillecole,wmcgillecoleoy@bandcamp.com,Nissan,Xterra,2004.0,34088.0
900,Lionel,Rollins,lrollinsoz@kickstarter.com,BMW,M5,2006.0,86819.0
901,Maury,Vossing,mvossingp0@taobao.com,"Land Rover",LR2,2011.0,5985.0
902,Sharlene,Foskett,sfoskettp1@answers.com,Chevrolet,HHR,2008.0,29624.0
903,Leeland,Innott,linnottp2@geocities.jp,Chrysler,Cirrus,1998.0,68553.0
904,Fayth,Cantrell,fcantrellp3@bloglines.com,Lotus,Elise,2009.0,19590.0
905,Kally,Francklin,kfrancklinp4@jiathis.com,Lexus,LS,2000.0,55517.0
906,Glory,Hotson,ghotsonp5@admin.ch,BMW,"7 Series",1996.0,61793.0
907,Oralia,Prescote,oprescotep6@hatena.ne.jp,Citroen,DeVille,2003.0,67791.0
908,Roberta,Tousy,rtousyp7@oracle.com,Mitsubishi,Tundra,2009.0,23354.0
909,Tallou,Valentin,tvalentinp8@biglobe.ne.jp,Pontiac,6000,1990.0,3957.0
910,Dede,Franzonello,dfranzonellop9@usatoday.com,Citroen,"Escalade EXT",2008.0,41979.0
911,Teodoor,Redd,treddpa@washingtonpost.com,Mercedes-Benz,SL-Class,1994.0,75338.0
912,Alessandro,Stapells,astapellspb@sourceforge.net,Jaguar,X-Type,2004.0,57980.0
913,Raynell,Mash,rmashpc@unc.edu,Mercury,Topaz,1994.0,11770.0
914,Fernanda,Hedger,fhedgerpd@friendfeed.com,Infiniti,I,2003.0,41095.0
915,Lavina,Neeson,lneesonpe@ycombinator.com,Scion,tC,2008.0,60248.0
916,Corbett,Fereday,cferedaypf@odnoklassniki.ru,Mazda,CX-9,2008.0,5459.0
917,Christalle,Eirwin,ceirwinpg@over-blog.com,Ford,Escape,2011.0,55766.0
918,Alexio,Ephgrave,aephgraveph@pen.io,Ford,Mustang,2011.0,50251.0
919,Amalie,Toland,atolandpi@hexun.com,Buick,Skylark,1998.0,20952.0
920,Derron,Carrack,dcarrackpj@google.ca,Subaru,Legacy,2009.0,17848.0
921,Kristyn,Cornbell,kcornbellpk@blogger.com,Nissan,Maxima,1999.0,3656.0
922,Haze,Rable,hrablepl@tinypic.com,Acura,RDX,2011.0,9203.0
923,Walther,Buist,wbuistpm@microsoft.com,Dodge,Dakota,2010.0,36719.0
924,Marv,Manders,mmanderspn@ihg.com,BMW,Z3,2002.0,99676.0
925,Gilli,Fitzmaurice,gfitzmauricepo@bigcartel.com,Mercedes-Benz,SL-Class,2007.0,57043.0
926,Connie,Deal,cdealpp@gnu.org,Ford,Thunderbird,2004.0,71566.0
927,Byrom,Merriott,bmerriottpq@cbsnews.com,Chevrolet,"Express 3500",1999.0,69614.0
928,Dorie,Gibbieson,dgibbiesonpr@examiner.com,Isuzu,Hombre,1998.0,59856.0
929,Lucine,Reeveley,lreeveleyps@cocolog-nifty.com,Bentley,"Continental GTC",2009.0,23934.0
930,Val,Gerritzen,vgerritzenpt@biglobe.ne.jp,"Land Rover",Discovery,2005.0,89134.0
931,Teddy,Feander,tfeanderpu@psu.edu,Hummer,H1,2006.0,62466.0
932,Theressa,Drews,tdrewspv@bloglines.com,Jeep,Cherokee,1998.0,11234.0
933,Son,Illiston,sillistonpw@merriam-webster.com,Ford,"Explorer Sport Trac",2004.0,53775.0
934,Lethia,Cornelius,lcorneliuspx@examiner.com,GMC,"Sierra 2500",2000.0,71686.0
935,Gerrilee,Newcomen,gnewcomenpy@harvard.edu,Chevrolet,Camaro,1994.0,61500.0
936,Zackariah,McCobb,zmccobbpz@shop-pro.jp,Jeep,Wrangler,2002.0,32808.0
937,Frayda,Duly,fdulyq0@quantcast.com,Mitsubishi,Tredia,1988.0,97459.0
938,Barron,Bartalot,bbartalotq1@ibm.com,BMW,"7 Series",2012.0,14989.0
939,Klaus,Marusik,kmarusikq2@lycos.com,"Land Rover",Discovery,2008.0,37749.0
940,Midge,Dacey,mdaceyq3@epa.gov,Ford,Mustang,2010.0,14026.0
941,Ellie,"Van der Son",evandersonq4@dropbox.com,Toyota,Camry,2000.0,50932.0
942,Garald,Allman,gallmanq5@youku.com,Chevrolet,"Express 3500",2003.0,77100.0
943,Annamaria,McGrory,amcgroryq6@mlb.com,Ford,GT500,2007.0,90105.0
944,Gratiana,Exroll,gexrollq7@flickr.com,Porsche,Cayenne,2013.0,67649.0
945,Gunther,Koppel,gkoppelq8@npr.org,Mazda,Protege,1997.0,8677.0
946,Kata,Shead,ksheadq9@who.int,Dodge,"Ram 2500",1999.0,95792.0
947,Arabelle,Challenor,achallenorqa@scribd.com,Pontiac,Bonneville,2004.0,21872.0
948,Pia,Sterricks,psterricksqb@multiply.com,BMW,"6 Series",2009.0,70495.0
949,Shawn,Morsley,smorsleyqc@macromedia.com,GMC,Jimmy,1992.0,76598.0
950,Pollyanna,Muirhead,pmuirheadqd@vk.com,Isuzu,"Rodeo Sport",2002.0,69363.0
951,Happy,Grocutt,hgrocuttqe@constantcontact.com,Lexus,SC,1997.0,50212.0
952,Cristi,Banaszczyk,cbanaszczykqf@prweb.com,Mercedes-Benz,500SL,1992.0,55856.0
953,Alexio,Wildor,awildorqg@baidu.com,Pontiac,Aztek,2003.0,28751.0
954,Gilbertine,Law,glawqh@cam.ac.uk,GMC,"Sierra 2500",1999.0,73356.0
955,Kass,Spiers,kspiersqi@squidoo.com,Audi,A6,2001.0,55301.0
956,Cammi,Kingsland,ckingslandqj@nationalgeographic.com,Citroen,DTS,2008.0,52609.0
957,Windham,Dupree,wdupreeqk@disqus.com,Jeep,"Grand Cherokee",2009.0,61544.0
958,Cecile,Munson,cmunsonql@japanpost.jp,Kia,Spectra,2002.0,88533.0
959,Ruttger,Dacey,rdaceyqm@studiopress.com,"Land Rover",Defender,1995.0,77640.0
960,Erick,Guye,eguyeqn@salon.com,Chrysler,"New Yorker",1992.0,94007.0
961,Zacharia,Darnbrook,zdarnbrookqo@phpbb.com,Ford,Mustang,1997.0,60297.0
962,Martie,Skyrm,mskyrmqp@yale.edu,BMW,M5,1992.0,92328.0
963,Anastasia,Dewey,adeweyqq@bing.com,Volvo,C70,2012.0,70991.0
964,Imogen,Inchboard,iinchboardqr@ebay.com,GMC,1500,1995.0,13534.0
965,Kerstin,Orritt,korrittqs@indiegogo.com,Ford,Mustang,1968.0,42151.0
966,Junie,Carleton,jcarletonqt@vinaora.com,Toyota,4Runner,2006.0,8429.0
967,Marietta,Tibbotts,mtibbottsqu@free.fr,GMC,"Sierra 2500",2010.0,97617.0
968,Skell,Daoust,sdaoustqv@harvard.edu,Mazda,323,1994.0,91223.0
969,Dione,Connerry,dconnerryqw@t.co,Chevrolet,S10,1996.0,71923.0
970,Fabiano,Dyet,fdyetqx@huffingtonpost.com,Chrysler,LHS,1999.0,36207.0
971,Nap,Drain,ndrainqy@businesswire.com,Citroen,CTS,2004.0,12007.0
972,Rosetta,Ennor,rennorqz@reverbnation.com,Chevrolet,Cavalier,1996.0,93380.0
973,Tan,Boolsen,tboolsenr0@wiley.com,Morgan,"Aero 8",2009.0,85245.0
974,Jenifer,Pigford,jpigfordr1@abc.net.au,Mercedes-Benz,SL-Class,2001.0,22491.0
975,Amber,Taig,ataigr2@qq.com,Isuzu,Trooper,1994.0,97654.0
976,Pepita,Arend,parendr3@nyu.edu,Lotus,Exige,2011.0,27041.0
977,Hatti,Hourihane,hhourihaner4@netscape.com,Mercury,Sable,1992.0,76317.0
978,Codee,Everly,ceverlyr5@homestead.com,Volkswagen,Golf,1997.0,96381.0
979,Rona,Shewery,rsheweryr6@prlog.org,Hyundai,Tiburon,1998.0,86929.0
980,Ferd,Claiton,fclaitonr7@bigcartel.com,Lexus,IS,2003.0,81412.0
981,Clarey,Hucke,chucker8@seattletimes.com,Subaru,Outback,2011.0,31506.0
982,Maryl,Gostyke,mgostyker9@sogou.com,Ford,"Expedition EL",2008.0,7229.0
983,Sonnie,Flageul,sflageulra@comcast.net,GMC,Yukon,1999.0,60783.0
984,Raynell,Meatcher,rmeatcherrb@yellowpages.com,Citroen,Eldorado,1995.0,88595.0
985,Merridie,Stoakes,mstoakesrc@dot.gov,Chevrolet,3500,1993.0,43511.0
986,Hort,Drabble,hdrabblerd@mozilla.org,Mazda,RX-7,1988.0,76133.0
987,Douglass,Childs,dchildsre@nasa.gov,Saturn,VUE,2007.0,16215.0
988,Noelani,Blanshard,nblanshardrf@fotki.com,Mitsubishi,Endeavor,2011.0,25247.0
989,Gilemette,Jearum,gjearumrg@tripod.com,GMC,"Envoy XUV",2004.0,63219.0
990,Falkner,Heel,fheelrh@about.me,Buick,LeSabre,2000.0,37811.0
991,Isador,Bambrugh,ibambrughri@addthis.com,GMC,"Savana 1500",2012.0,97959.0
992,Nananne,Mileham,nmilehamrj@icq.com,Pontiac,GTO,1970.0,50583.0
993,Hyacinthie,Pawfoot,hpawfootrk@ow.ly,Nissan,Murano,2006.0,21513.0
994,Allx,Duly,adulyrl@shop-pro.jp,BMW,X5,2009.0,63567.0
995,Micki,Brandsen,mbrandsenrm@answers.com,Toyota,Camry,2002.0,76012.0
996,Ernestine,Edleston,eedlestonrn@cdc.gov,Mitsubishi,Mirage,1986.0,66657.0
997,Jessa,Bunson,jbunsonro@acquirethisname.com,Chevrolet,"Express 3500",2012.0,93171.0
998,Sheba,Farquhar,sfarquharrp@symantec.com,Ford,"Escort ZX2",2003.0,84249.0
999,Gabey,Verlinde,gverlinderq@joomla.org,Ford,E-Series,1993.0,88942.0
1000,Hattie,Gaggen,hgaggenrr@nih.gov,Nissan,Sentra,1997.0,46969.0
